Year,Latdef,Londef,Mwdef
1005,43.463,11.879,4.93
1005,41.488,13.831,5.14
1019,41.129,14.777,4.72
1044,41.129,14.777,4.72
1046,,,
1065,45.544,10.214,5.14
1087,41.128,16.864,4.93
1091,41.895,12.482,5.14
1094,41.129,14.777,4.72
1117,45.309,11.023,6.69
1117,,,
1120,41.377,13.917,5.78
1125,37.082,15.285,5.78
1125,41.344,14.897,5.57
1139,41.129,14.777,4.51
1148,43.777,11.249,5.14
1160,41.746,13.215,4.68
1161,41.568,13.334,5.14
1168,43.716,10.401,4.51
1169,37.215,14.949,6.41
1170,41.568,13.334,5.57
1172,38.187,15.549,5.57
1174,44.498,11.340,4.09
1182,44.419,8.898,4.72
1183,45.438,10.994,4.93
1184,39.395,16.193,6.74
1194,44.068,12.078,4.93
1196,43.932,10.913,4.72
1197,,,
1198,40.817,14.167,5.14
1209,,,
1217,44.419,8.898,4.51
1222,45.535,10.621,5.84
1223,41.873,15.981,5.78
1230,38.108,15.647,4.51
1231,41.488,13.831,5.14
1234,44.836,11.618,5.14
1242,45.549,11.549,4.51
1246,42.732,12.736,5.35
1249,44.647,10.925,4.93
1255,38.187,15.549,4.93
1258,,,
1268,45.735,12.079,5.35
1269,43.589,12.064,5.35
1269,43.558,13.564,5.57
1270,43.570,12.141,5.35
1273,40.638,15.805,5.78
1275,40.725,13.911,5.78
1276,42.721,12.091,5.57
1276,44.627,8.482,5.12
1277,42.732,12.736,5.57
1279,,,
1279,44.129,11.921,5.55
1279,43.093,12.872,6.31
1280,,,
1280,44.817,10.682,4.51
1284,45.438,12.335,4.72
1285,44.836,11.618,5.14
1287,42.880,11.678,4.93
1293,43.932,10.913,5.57
1293,41.304,14.548,5.78
1294,,,
1295,,,
1295,46.947,9.505,6.04
1298,42.404,12.867,4.51
1298,42.575,12.902,6.20
1303,,,
1304,45.010,10.149,5.11
1304,45.352,8.954,4.51
1306,43.843,10.505,4.72
1308,44.059,12.567,5.35
1310,38.250,15.667,5.14
1311,44.885,7.327,4.72
1315,42.356,13.396,5.57
1320,43.321,11.328,5.14
1322,43.716,10.401,4.51
1322,46.200,6.150,3.90
1323,45.200,14.700,5.99
1323,44.572,11.133,4.30
1325,43.777,11.249,4.51
1328,42.856,13.018,6.38
1334,45.438,10.994,4.93
1339,44.836,11.618,4.72
1345,44.810,10.564,4.51
1345,43.777,11.249,4.72
1345,43.777,11.249,4.72
1346,44.836,11.618,4.93
1348,46.578,13.541,7.02
1348,41.925,13.095,5.57
1349,41.594,14.231,4.51
1349,42.270,13.118,5.88
1349,,,
1349,,,
1349,41.560,13.901,6.59
1352,37.502,15.087,5.35
1352,43.469,12.127,6.44
1353,,,
1358,43.570,12.141,4.93
1361,41.205,15.561,5.99
1361,43.321,11.328,4.93
1364,46.083,13.450,4.72
1365,45.337,12.018,4.79
1365,44.498,11.340,5.35
1365,45.438,10.994,4.51
1367,41.540,13.867,5.14
1369,44.913,8.615,4.93
1373,45.549,11.549,4.51
1373,45.549,11.549,4.51
1376,45.549,11.549,4.93
1376,45.549,11.549,4.51
1377,38.675,15.899,5.35
1383,44.801,10.329,4.09
1383,44.217,12.049,5.35
1386,40.855,14.260,5.35
1389,43.837,13.018,5.14
1389,46.406,13.197,4.93
1389,43.527,12.299,5.99
1392,46.146,12.222,4.09
1393,43.996,11.912,5.14
1396,45.584,9.274,5.35
1398,42.333,13.500,4.72
1399,44.441,10.925,5.14
1401,46.146,12.222,4.30
1402,45.438,10.994,4.72
1403,46.146,12.222,4.72
1403,46.093,13.431,5.57
1404,46.146,12.222,4.30
1405,46.019,11.906,4.09
1406,46.146,12.222,4.09
1406,40.833,14.250,4.72
1409,44.836,11.618,4.72
1409,44.801,10.329,5.14
1410,44.836,11.618,4.93
1410,,,
1411,44.836,11.618,5.14
1411,46.146,12.222,4.09
1414,41.882,16.180,5.78
1414,43.271,11.118,5.61
1420,43.321,11.328,4.51
1423,42.333,13.500,4.72
1424,44.167,11.917,4.72
1425,44.833,11.667,4.72
1426,43.777,11.249,4.51
1428,44.146,12.048,5.45
1429,38.187,15.549,4.93
1433,44.498,11.340,4.72
1436,43.321,11.328,4.93
1438,41.787,12.677,5.35
1438,44.844,10.239,5.57
1445,45.438,10.994,4.51
1448,38.250,15.500,4.72
1449,44.885,7.327,4.30
1449,43.234,11.560,4.72
1450,38.250,14.750,4.72
1453,43.785,11.284,5.30
1455,,,
1455,,,
1456,41.302,14.711,7.22
1456,43.570,12.141,4.51
1457,40.855,14.260,4.72
1457,41.106,14.214,4.51
1458,43.463,12.236,5.78
1458,43.457,12.239,4.72
1461,40.500,15.250,5.14
1461,42.313,13.544,6.41
1465,44.695,10.527,4.51
1465,43.351,12.577,4.72
1466,40.765,15.334,6.05
1466,42.356,13.396,4.30
1466,43.351,12.577,4.72
1467,43.321,11.328,4.51
1467,43.321,11.328,4.93
1470,44.162,11.037,5.57
1471,,,
1471,43.250,12.500,4.72
1472,44.059,12.567,5.14
1472,,,
1473,44.059,12.567,4.51
1474,44.647,10.925,4.30
1474,43.603,13.507,5.14
1477,42.955,12.704,4.51
1477,42.955,12.704,4.93
1479,44.217,12.049,4.30
1480,42.919,13.835,4.93
1481,43.779,10.453,4.51
1481,43.843,10.505,4.51
1481,44.274,10.130,5.55
1483,44.836,11.618,4.51
1483,44.156,12.229,5.68
1484,43.570,12.141,5.14
1484,42.090,12.562,4.91
1485,45.356,11.722,4.30
1486,43.321,11.328,4.51
1489,43.570,12.141,5.14
1490,38.000,14.750,4.72
1491,,,
1492,44.217,12.049,4.93
1493,46.267,13.133,4.72
1494,38.187,15.549,5.35
1494,43.691,7.252,4.51
1496,42.805,12.742,4.30
1497,,,
1498,46.500,7.430,4.30
1498,42.356,13.396,4.51
1498,,,
1498,46.500,7.430,4.20
1499,38.187,15.549,5.35
1501,44.519,10.844,5.98
1502,42.383,12.950,5.14
1502,44.331,7.487,4.30
1502,43.462,13.087,4.72
1502,,,
1504,46.780,10.190,5.00
1504,43.697,11.816,5.14
1504,,,
1505,44.508,11.231,5.57
1505,,,
1505,,,
1505,,,
1505,,,
1507,44.885,7.327,4.30
1508,46.000,14.500,5.14
1508,44.833,11.667,4.72
1509,38.099,15.684,5.57
1509,44.323,11.864,5.03
1511,46.198,13.431,6.98
1511,,,
1511,,,
1512,46.322,9.402,4.72
1512,45.137,11.977,3.87
1513,38.167,15.500,4.72
1514,46.283,13.150,5.14
1516,46.283,13.150,4.72
1517,41.011,15.210,5.35
1521,,,
1522,46.000,13.250,4.72
1522,44.981,10.051,4.80
1523,46.267,13.133,5.14
1524,46.270,7.270,6.40
1525,46.267,13.133,4.72
1527,43.932,10.913,5.35
1529,45.751,12.786,4.30
1530,43.321,11.328,4.72
1536,,,
1536,44.419,8.898,4.72
1536,44.364,10.933,5.29
1537,37.502,15.087,4.51
1537,44.307,8.480,4.72
1538,40.822,14.123,5.35
1540,43.160,13.716,4.93
1540,45.544,10.214,4.30
1541,44.761,8.909,5.24
1542,44.006,11.385,5.94
1542,37.367,14.803,4.30
1542,37.215,14.944,6.77
1545,44.473,9.825,5.25
1545,43.067,11.643,5.35
1547,44.697,10.631,5.14
1547,,,
1547,44.307,8.480,4.51
1549,44.307,8.480,4.93
1549,44.705,7.612,4.30
1549,38.250,15.667,4.72
1549,46.146,12.222,4.93
1550,44.381,7.538,4.93
1551,43.777,11.249,4.51
1554,43.777,11.249,4.93
1556,39.303,16.252,5.14
1557,40.750,14.000,5.14
1558,43.514,12.190,5.14
1558,43.457,11.564,5.82
1559,,,
1559,38.167,13.333,4.72
1560,41.248,16.485,5.56
1561,,,
1561,40.685,14.717,5.57
1561,40.563,15.505,6.83
1561,44.781,11.454,4.51
1562,38.167,13.333,4.72
1564,40.750,14.167,5.14
1564,44.019,7.276,5.68
1566,37.877,14.948,4.09
1570,40.750,14.167,5.14
1570,44.824,11.632,5.46
1571,47.300,11.400,5.14
1572,47.300,11.400,5.57
1572,44.850,10.422,4.72
1574,44.833,11.294,4.72
1574,45.400,14.100,5.57
1575,40.855,14.260,4.93
1575,46.083,14.500,5.14
1576,45.694,9.670,4.51
1577,41.683,12.783,4.72
1578,37.508,13.083,5.14
1582,40.822,14.123,5.35
1584,44.466,7.362,4.93
1584,46.330,6.970,6.40
1584,46.320,6.980,4.70
1584,43.862,11.992,5.80
1586,44.583,11.000,4.72
1590,46.083,14.500,5.14
1591,44.697,10.631,4.72
1591,44.400,12.038,5.19
1592,42.877,12.747,5.14
1593,45.694,9.670,4.93
1593,43.274,12.679,5.35
1595,47.300,11.500,4.72
1595,43.351,12.577,4.51
1597,43.987,11.429,5.18
1599,38.147,15.598,5.14
1599,46.780,9.390,3.90
1599,42.724,13.021,5.99
1599,,,
1600,44.113,11.548,5.35
1600,43.777,11.249,4.72
1601,38.250,15.667,4.72
1603,43.321,11.328,4.51
1606,45.694,9.670,4.93
1608,44.697,10.631,4.51
1609,38.968,16.353,5.35
1610,,,
1611,44.808,7.245,4.51
1611,44.010,11.359,5.14
1612,43.946,7.608,4.93
1612,43.246,12.853,5.06
1613,38.122,14.788,5.57
1614,43.106,12.386,4.93
1616,42.750,12.700,4.72
1618,43.883,7.283,5.57
1619,39.000,16.500,5.14
1621,46.167,14.500,5.14
1621,,,
1622,46.180,14.658,5.35
1622,46.820,10.230,5.00
1624,44.642,11.848,5.47
1624,37.270,14.742,5.57
1625,46.000,14.500,5.14
1625,40.961,15.818,5.78
1625,44.059,12.567,4.72
1626,46.083,14.500,4.72
1626,38.851,16.456,6.03
1626,43.333,13.500,5.14
1627,42.694,13.248,5.35
1627,41.737,15.342,6.66
1627,,,
1627,,,
1627,,,
1628,41.685,15.381,4.51
1628,44.801,10.329,4.93
1630,43.894,10.689,4.51
1631,43.052,12.855,5.14
1631,40.833,14.417,5.14
1634,40.665,16.607,4.93
1635,38.187,15.549,4.51
1638,39.048,16.289,7.03
1638,39.279,16.812,6.89
1639,42.639,13.261,5.93
1640,,,
1641,46.083,14.500,4.72
1641,44.377,9.882,4.72
1642,45.435,9.669,5.04
1643,37.783,14.599,4.93
1644,43.950,7.217,5.57
1646,43.550,10.321,4.72
1646,42.356,13.396,4.51
1646,41.727,15.764,6.61
1647,41.732,15.558,5.89
1648,43.932,10.913,4.51
1649,38.187,15.549,4.51
1653,45.033,10.200,4.30
1653,44.215,12.058,4.51
1654,41.635,13.683,6.29
1655,44.060,11.842,4.72
1656,39.303,16.252,5.35
1657,41.726,15.393,6.37
1659,38.694,16.249,6.55
1661,38.167,13.250,4.72
1661,45.705,9.799,4.68
1661,44.734,10.863,4.93
1661,44.021,11.898,6.09
1666,44.641,11.113,4.30
1667,42.732,12.736,5.14
1668,43.514,12.190,4.30
1669,46.083,14.533,4.72
1670,45.950,14.333,4.51
1670,47.283,11.500,5.57
1671,44.674,10.866,5.25
1672,43.941,12.576,5.61
1672,42.356,13.396,4.51
1679,43.209,11.556,4.51
1680,44.688,8.803,5.14
1683,46.025,10.864,4.51
1684,46.083,14.500,5.14
1685,46.280,7.630,6.10
1685,40.750,14.750,4.72
1686,46.000,14.500,4.72
1686,38.167,13.250,4.72
1687,44.333,11.750,4.72
1687,40.667,14.500,5.14
1687,38.675,15.899,5.14
1688,41.200,14.900,4.72
1688,44.390,11.942,5.78
1688,41.283,14.561,6.98
1688,41.687,15.337,5.35
1688,44.417,12.000,5.14
1689,44.417,12.000,4.72
1689,41.272,16.288,4.93
1689,47.300,11.400,5.62
1690,42.955,12.704,5.14
1690,43.457,12.239,4.93
1690,46.146,12.222,4.51
1690,46.634,13.882,6.54
1690,43.579,13.588,5.56
1691,46.092,14.447,5.35
1691,45.333,11.833,4.72
1691,41.250,15.917,4.72
1692,43.837,13.018,4.30
1693,39.849,16.219,5.67
1693,37.141,15.035,6.21
1693,,,
1693,37.140,15.013,7.41
1693,36.858,14.761,4.72
1693,43.450,12.338,4.93
1693,41.653,13.922,5.26
1693,37.590,15.307,4.72
1693,36.858,14.761,4.30
1693,36.858,14.761,4.72
1693,,,
1693,45.280,10.644,5.22
1693,37.218,15.081,4.94
1694,43.620,12.091,5.14
1694,37.558,15.127,4.51
1694,40.862,15.406,6.79
1695,45.801,11.949,6.48
1695,44.836,11.618,4.51
1695,42.613,12.110,5.67
1695,46.880,9.670,3.90
1696,36.970,15.023,4.51
1697,43.750,11.250,4.72
1697,43.321,11.328,4.51
1697,43.321,11.328,4.93
1697,,,
1697,,,
1697,,,
1697,,,
1698,37.292,14.789,5.86
1699,41.333,14.333,4.72
1699,42.479,12.070,4.72
1700,46.433,12.868,5.59
1702,41.129,14.777,4.93
1702,41.120,14.989,6.54
1702,,,
1702,,,
1702,42.833,13.083,5.14
1702,42.917,12.667,5.14
1703,42.708,13.071,6.74
1703,,,
1703,42.434,13.292,6.72
1703,41.500,13.833,4.72
1703,42.750,12.750,5.14
1703,46.083,14.500,4.72
1703,44.781,7.505,4.93
1704,44.238,8.413,4.30
1704,,,
1704,42.750,12.750,5.14
1705,43.321,11.328,3.87
1705,41.500,13.833,5.14
1706,38.203,15.640,4.63
1706,47.300,11.400,4.72
1706,42.076,14.080,6.83
1706,47.300,11.500,4.93
1707,42.699,12.617,5.13
1708,39.955,16.034,5.49
1711,41.483,13.800,4.51
1712,43.513,12.734,4.93
1712,41.557,14.667,4.93
1712,,,
1712,46.250,7.010,4.70
1713,40.589,17.113,4.51
1714,42.517,12.521,5.35
1714,40.750,14.750,5.14
1715,38.271,16.154,4.51
1716,46.083,13.617,5.14
1716,42.750,13.000,5.14
1716,37.502,15.087,4.72
1717,45.407,11.876,4.30
1717,36.950,14.532,4.93
1717,38.099,15.211,4.76
1717,,,
1718,37.599,14.619,5.32
1718,41.483,13.800,4.51
1719,46.317,13.117,4.93
1719,42.876,13.047,5.53
1719,,,
1720,44.250,10.333,4.72
1720,41.261,15.920,5.32
1720,,,
1720,38.229,15.884,4.51
1721,45.300,14.400,6.05
1721,43.052,12.855,5.14
1723,41.250,14.000,4.72
1723,41.483,13.800,5.14
1724,38.250,15.667,5.14
1724,43.206,11.008,5.14
1725,43.454,12.428,4.93
1725,44.207,11.573,5.43
1726,,,
1726,38.121,13.353,5.58
1727,36.915,15.046,4.83
1727,37.500,13.000,5.14
1727,47.300,11.400,4.93
1727,43.610,12.819,5.19
1728,41.283,13.983,5.14
1728,39.000,16.250,4.72
1729,46.630,7.630,5.60
1729,43.773,11.704,4.87
1729,38.154,15.139,4.93
1730,42.753,13.120,5.92
1730,43.351,12.577,5.35
1731,41.274,15.757,6.53
1731,43.670,12.041,5.35
1731,41.500,13.767,5.14
1731,,,
1731,41.178,16.000,4.93
1731,44.000,11.000,4.93
1732,44.871,10.468,4.65
1732,38.170,15.333,4.30
1732,44.286,11.881,4.72
1732,41.064,15.059,6.64
1733,43.603,13.507,4.51
1733,43.603,13.507,4.51
1735,41.038,14.387,4.30
1735,38.678,16.129,4.87
1736,37.897,13.562,4.93
1737,40.920,14.660,5.14
1737,43.563,11.166,4.30
1738,38.704,16.130,4.93
1738,42.626,12.095,4.93
1738,44.906,10.028,5.14
1739,41.500,15.500,5.14
1739,38.098,14.744,5.13
1740,44.124,10.590,5.24
1740,38.914,16.586,4.93
1740,37.582,12.840,4.93
1740,43.113,12.788,4.72
1741,43.425,13.005,6.21
1741,41.029,14.932,5.35
1741,43.321,11.328,5.14
1742,42.084,13.546,4.51
1742,43.550,10.321,4.90
1743,42.614,12.074,5.01
1743,39.852,18.777,7.13
1743,44.836,11.618,4.93
1743,39.132,16.081,5.14
1743,38.694,16.371,5.68
1744,39.040,16.781,5.74
1744,43.917,13.000,4.72
1745,42.732,12.736,5.14
1745,41.483,13.800,4.72
1746,44.091,10.448,5.06
1746,46.033,13.383,5.14
1747,43.230,12.785,4.51
1747,43.204,12.769,5.94
1747,38.167,15.667,4.72
1747,43.278,12.846,5.30
1748,43.113,12.788,4.72
1748,41.783,12.683,4.72
1750,41.667,12.583,4.72
1750,42.356,13.396,4.93
1750,45.395,14.408,4.93
1751,42.594,12.593,5.09
1751,43.225,12.739,6.25
1751,38.167,13.417,4.72
1751,44.250,9.250,4.72
1752,43.800,7.733,4.72
1752,43.333,12.667,4.72
1752,43.467,12.250,4.72
1753,44.941,7.181,5.19
1753,43.983,11.920,4.93
1753,42.617,12.550,5.14
1754,41.833,12.783,4.72
1754,46.240,7.190,4.70
1755,45.967,12.600,4.51
1755,42.742,11.868,4.51
1755,46.320,7.980,6.10
1755,46.290,8.060,3.90
1756,41.498,13.060,4.51
1756,45.893,11.820,3.87
1756,45.669,12.244,4.93
1756,41.623,15.908,4.93
1759,41.884,13.097,3.83
1759,40.421,15.735,4.30
1759,,,
1759,42.612,12.133,4.30
1759,41.483,13.800,4.72
1760,42.500,13.000,5.14
1760,40.801,14.404,4.73
1761,41.483,13.800,4.72
1761,38.914,16.586,4.93
1762,44.004,11.506,5.11
1762,46.500,13.000,4.51
1762,40.746,13.909,4.93
1762,42.308,13.585,5.99
1766,,,
1766,42.750,12.917,5.14
1767,,,
1767,44.132,10.123,5.35
1767,,,
1767,44.548,8.681,5.16
1767,46.483,12.983,4.51
1767,45.272,7.502,5.14
1767,42.820,12.751,5.44
1767,39.375,16.279,5.98
1768,43.939,11.901,5.87
1768,43.565,10.946,4.51
1770,46.480,7.180,5.70
1770,38.108,15.647,4.51
1770,46.500,13.000,4.51
1770,43.702,11.408,4.93
1771,43.550,10.321,4.51
1771,44.141,11.161,4.72
1772,43.570,12.141,4.72
1773,41.839,12.831,4.93
1773,41.717,12.667,4.51
1773,44.667,6.633,4.72
1774,43.548,12.049,4.51
1774,44.801,10.329,4.30
1774,45.554,10.108,4.72
1775,46.483,13.000,4.51
1775,42.166,8.808,4.51
1776,,,
1776,45.432,14.251,4.51
1776,46.233,12.706,5.78
1777,,,
1777,41.667,13.500,5.14
1777,42.880,11.757,5.04
1778,43.603,13.507,4.72
1778,42.032,13.426,4.93
1778,44.167,10.167,4.72
1778,46.483,13.000,4.72
1778,44.217,12.049,4.51
1778,43.570,12.141,4.72
1779,,,
1779,,,
1779,44.444,11.479,5.24
1779,,,
1779,43.321,11.328,4.51
1779,,,
1779,40.750,14.250,5.14
1779,44.462,11.389,4.30
1779,44.425,11.527,4.99
1779,44.061,10.860,4.64
1780,,,
1780,44.568,11.309,5.13
1780,37.861,15.317,5.55
1780,38.187,15.549,4.93
1780,44.417,12.198,4.51
1780,46.500,13.000,4.51
1780,38.081,14.982,5.35
1781,43.168,11.545,5.11
1781,40.900,12.967,4.72
1781,41.717,12.667,4.51
1781,44.251,11.798,5.94
1781,40.900,12.967,4.72
1781,43.597,12.512,6.42
1781,44.266,11.990,5.58
1781,45.501,9.589,4.90
1781,46.500,12.983,4.51
1782,41.167,14.667,4.72
1782,46.500,12.983,4.51
1782,41.817,12.717,5.14
1782,46.500,13.000,4.51
1783,38.297,15.970,7.02
1783,,,
1783,38.580,16.201,6.62
1783,,,
1783,38.785,16.464,6.98
1783,38.206,15.395,4.51
1783,45.879,10.808,4.72
1783,41.667,15.333,5.14
1783,38.600,16.100,5.14
1784,41.750,12.667,4.72
1784,38.600,16.100,5.14
1784,46.083,14.500,4.93
1784,38.293,16.210,5.14
1785,38.100,15.650,4.93
1785,38.600,16.100,4.93
1785,44.667,6.617,4.51
1785,43.073,12.955,5.14
1785,45.020,6.842,4.30
1785,42.536,12.788,5.66
1785,46.716,10.100,4.51
1786,38.600,16.100,4.72
1786,38.102,15.021,6.15
1786,45.298,9.595,5.05
1786,46.083,14.500,4.72
1786,42.356,13.396,4.94
1786,44.731,7.909,4.36
1786,43.991,12.565,5.62
1786,46.500,13.000,4.51
1787,46.500,12.983,4.51
1787,44.836,11.618,4.51
1787,,,
1787,47.160,9.810,5.50
1787,38.183,15.550,4.93
1787,43.321,11.328,4.09
1787,46.500,13.000,4.51
1787,43.723,11.767,4.30
1788,43.837,13.018,4.51
1788,46.398,13.019,5.14
1789,45.938,12.303,4.09
1789,43.510,12.217,5.84
1790,38.167,16.000,4.72
1790,44.167,10.000,4.93
1791,42.356,13.396,5.35
1791,42.950,12.861,5.49
1791,38.636,16.268,6.03
1792,39.973,16.087,4.51
1792,42.633,12.733,5.14
1792,46.483,12.983,4.72
1793,43.025,12.811,5.35
1793,40.800,13.433,5.14
1794,47.300,11.400,4.72
1794,46.306,12.821,6.04
1794,41.110,14.923,5.22
1794,40.750,14.417,5.14
1794,46.297,12.795,5.33
1795,46.512,12.992,4.30
1795,41.918,12.871,4.72
1796,43.538,11.868,5.02
1796,40.746,13.909,5.57
1796,44.615,11.670,5.61
1797,46.500,13.000,4.51
1798,43.342,11.464,4.74
1798,,,
1799,44.771,10.779,4.30
1799,45.404,10.271,5.01
1799,43.193,13.151,6.13
1799,46.483,12.983,4.72
1800,41.683,12.783,5.14
1801,46.500,13.000,4.72
1801,44.468,11.420,5.07
1802,,,
1802,45.424,9.839,5.64
1802,43.072,11.548,4.99
1803,46.483,13.000,4.51
1803,42.250,13.500,4.72
1804,43.453,11.105,4.93
1804,,,
1805,43.451,13.479,4.51
1805,41.500,14.474,6.62
1805,41.167,14.333,5.14
1805,46.570,9.780,4.70
1806,44.862,10.671,5.19
1806,43.850,7.617,4.51
1806,43.700,7.267,4.72
1806,,,
1806,41.718,12.725,5.54
1807,41.594,14.231,4.51
1807,43.783,7.633,4.51
1807,40.300,15.840,4.55
1808,44.838,7.248,5.69
1808,,,
1808,,,
1808,44.817,7.217,4.93
1808,43.500,10.167,4.72
1809,42.356,13.396,4.72
1809,43.333,13.500,5.14
1810,45.764,10.809,4.72
1810,41.717,12.667,5.14
1810,44.898,10.712,5.29
1811,41.850,12.567,4.72
1811,46.870,9.530,4.00
1811,44.572,10.728,5.25
1812,41.895,12.482,4.93
1812,43.659,11.140,5.16
1812,46.028,12.589,5.71
1813,44.249,11.972,5.27
1813,46.760,10.190,5.00
1814,43.633,10.361,5.15
1814,47.300,11.400,4.72
1815,45.664,11.472,4.09
1815,43.932,10.913,4.72
1815,42.832,13.015,5.45
1817,37.508,13.083,4.09
1817,45.900,6.833,5.14
1817,38.167,15.500,4.72
1818,37.603,15.140,6.23
1818,43.900,7.982,5.45
1818,37.204,14.756,5.51
1818,37.813,14.082,5.16
1818,44.696,10.295,5.28
1819,43.865,7.932,4.93
1819,37.939,14.042,5.31
1819,46.000,14.017,4.93
1819,42.252,11.757,5.14
1820,47.350,11.700,4.93
1820,37.267,14.683,4.72
1821,42.417,12.833,5.14
1821,38.944,16.452,5.14
1822,37.747,14.398,4.46
1822,46.050,14.500,4.72
1823,38.127,14.418,6.47
1824,43.750,12.000,4.72
1824,39.540,16.588,5.35
1825,39.947,15.973,4.51
1825,41.583,14.167,4.72
1826,40.520,15.727,5.76
1826,,,
1826,44.083,11.750,4.72
1826,40.451,17.678,5.36
1827,46.290,8.060,3.90
1827,46.706,10.115,5.19
1827,40.900,12.967,4.51
1827,46.580,7.900,4.30
1828,40.745,13.899,5.78
1828,38.526,15.996,5.14
1828,44.113,12.007,4.72
1828,44.000,14.000,5.14
1828,37.800,12.433,5.14
1828,44.173,12.092,4.35
1828,44.821,9.047,5.76
1828,,,
1828,,,
1829,41.754,12.680,4.79
1829,41.775,15.367,4.30
1829,45.136,10.024,4.51
1830,44.223,11.083,4.74
1830,46.500,14.300,4.72
1831,40.082,15.786,5.47
1831,38.224,15.240,4.51
1831,38.500,16.500,4.93
1831,43.855,7.849,5.46
1831,44.749,10.480,4.69
1831,44.752,10.544,5.54
1831,,,
1831,41.500,14.500,4.72
1831,43.833,7.833,4.72
1831,37.500,13.083,4.72
1832,42.980,12.605,6.33
1832,40.833,14.083,4.72
1832,39.079,16.919,6.59
1832,44.778,10.832,4.80
1832,,,
1832,,,
1832,44.765,10.494,5.53
1832,38.767,16.267,4.72
1832,37.760,14.845,4.51
1832,,,
1832,,,
1832,43.005,13.070,5.32
1834,44.432,9.851,5.83
1834,,,
1834,44.480,11.319,4.85
1835,43.962,11.416,4.72
1835,46.680,7.830,4.20
1835,44.488,9.767,4.30
1835,44.454,9.686,4.63
1835,44.330,7.551,4.93
1835,39.330,16.293,5.83
1835,41.500,13.833,4.72
1836,39.567,16.737,6.20
1836,,,
1836,,,
1836,45.807,11.823,5.50
1836,46.067,14.650,4.72
1836,,,
1836,40.142,15.776,6.02
1837,46.320,7.970,5.70
1837,41.517,13.767,4.72
1837,44.175,10.182,5.81
1837,46.567,14.767,4.72
1838,42.763,12.788,4.96
1838,41.000,9.250,4.72
1838,42.840,12.909,5.32
1838,43.805,13.007,4.72
1838,,,
1838,45.200,14.500,5.14
1839,45.200,6.200,4.51
1839,45.544,10.214,4.30
1839,45.900,6.133,5.14
1839,39.300,16.250,4.72
1839,38.100,15.650,4.72
1840,38.100,15.650,4.72
1840,46.217,14.733,5.35
1841,41.626,15.639,5.27
1841,40.750,13.917,5.14
1841,38.100,15.650,5.14
1841,43.791,12.568,4.51
1841,42.082,14.080,4.95
1841,38.100,15.650,4.72
1841,46.417,13.000,4.72
1841,45.167,11.110,4.19
1841,42.250,13.917,4.72
1842,46.250,7.010,4.70
1843,44.003,11.261,5.12
1843,38.035,13.451,4.51
1844,42.000,17.000,5.57
1844,44.178,12.146,4.51
1844,41.839,12.891,4.93
1845,40.665,16.607,4.54
1845,46.003,14.418,4.30
1846,37.538,14.923,5.02
1846,40.530,16.113,5.24
1846,43.470,10.562,5.91
1846,39.583,16.667,4.72
1848,37.543,15.095,5.45
1848,43.283,11.167,4.72
1848,42.333,13.417,4.72
1848,40.750,13.500,5.14
1848,42.000,17.000,5.14
1848,38.100,15.650,4.72
1849,44.096,11.414,4.72
1849,44.146,7.576,4.30
1849,45.533,6.317,4.72
1849,44.453,9.792,4.72
1850,46.368,13.958,4.83
1850,46.803,11.951,4.72
1850,44.572,11.133,4.30
1850,41.817,15.783,4.51
1850,41.833,13.533,5.14
1850,42.048,13.514,4.93
1851,38.900,16.600,4.51
1851,38.167,15.583,4.72
1851,45.941,10.559,5.12
1851,40.952,15.667,6.38
1851,,,
1851,46.250,7.450,5.10
1852,38.100,15.650,5.14
1852,41.000,15.667,4.72
1852,38.100,15.650,5.14
1852,46.480,9.780,4.50
1852,46.480,9.780,3.90
1852,41.667,15.333,4.93
1853,46.383,13.100,5.14
1853,40.818,15.215,5.56
1853,43.321,11.328,4.30
1853,41.233,15.183,4.72
1853,43.350,10.867,4.62
1853,42.683,12.667,5.14
1854,43.034,12.584,5.55
1854,39.256,16.295,6.21
1854,44.333,11.750,5.14
1854,43.350,7.648,6.73
1855,45.433,6.500,4.72
1855,46.500,13.800,4.72
1855,41.800,12.683,4.51
1855,46.230,7.850,6.40
1855,39.300,16.250,5.14
1855,46.250,7.920,4.80
1856,43.670,12.041,4.51
1856,46.200,7.800,4.80
1856,45.867,14.500,5.14
1857,44.749,10.480,5.09
1857,46.200,14.000,5.35
1857,45.823,12.138,3.87
1857,46.791,10.250,5.08
1857,46.230,7.870,4.30
1857,40.352,15.842,7.03
1857,46.600,14.000,5.14
1857,,,
1858,46.280,7.880,4.70
1858,40.750,15.550,5.14
1858,44.323,7.341,4.38
1858,44.888,7.307,4.72
1859,45.893,12.103,4.98
1859,43.182,11.529,4.51
1859,40.650,15.517,4.93
1859,43.331,11.348,4.77
1859,43.331,11.348,4.77
1859,47.400,11.800,4.72
1859,42.825,13.097,5.53
1859,46.146,12.222,4.30
1860,45.889,12.146,4.97
1861,43.917,11.917,4.72
1861,44.333,9.600,4.72
1861,42.993,11.993,4.92
1861,45.736,11.920,4.72
1861,44.231,12.124,5.10
1861,40.633,15.800,4.93
1861,40.786,14.367,4.51
1861,41.817,12.717,4.93
1862,46.500,14.400,4.72
1862,46.250,7.870,3.50
1862,46.737,12.384,4.74
1863,41.488,13.831,4.93
1863,40.750,13.917,4.93
1864,44.337,11.059,4.90
1864,41.667,15.917,4.72
1864,44.042,11.282,5.11
1864,41.835,15.567,4.72
1865,47.500,12.000,4.72
1865,43.282,12.312,5.14
1866,46.050,14.500,4.51
1866,47.150,10.017,4.72
1866,45.737,10.797,4.92
1867,40.750,13.917,4.72
1867,37.933,14.367,4.72
1867,43.321,11.328,4.51
1868,45.740,10.802,4.67
1868,45.888,10.869,4.45
1868,42.870,11.538,4.51
1869,43.337,11.332,4.51
1869,43.337,11.332,4.86
1869,41.717,15.750,5.14
1869,44.314,11.116,5.42
1869,43.453,11.105,4.94
1869,46.350,14.167,5.14
1869,38.690,16.221,4.66
1869,45.737,7.313,4.09
1869,44.500,10.750,4.93
1870,43.550,13.471,5.10
1870,45.400,14.400,5.57
1870,39.220,16.331,6.10
1870,44.133,12.062,5.58
1871,39.150,16.233,4.93
1871,43.301,10.619,5.16
1871,41.917,15.633,5.14
1871,43.424,11.352,4.64
1872,46.100,13.433,4.93
1872,47.300,11.400,4.72
1872,39.300,16.250,5.14
1872,46.690,10.120,4.90
1872,41.500,13.833,4.72
1873,43.089,13.244,5.95
1873,44.612,10.701,5.09
1873,46.159,12.383,6.32
1873,41.686,13.778,5.35
1873,39.300,16.250,5.14
1873,44.497,10.283,5.43
1873,46.146,12.222,4.09
1873,41.417,13.967,5.14
1874,43.367,13.667,4.72
1874,42.350,13.400,4.51
1874,37.883,14.950,5.14
1874,44.168,11.589,5.02
1874,45.960,7.760,5.10
1874,41.655,13.827,5.52
1875,44.033,11.800,4.72
1875,44.210,12.572,5.93
1875,46.146,12.222,3.87
1875,41.689,15.677,5.98
1876,46.133,12.290,3.87
1876,45.754,10.781,4.89
1876,,,
1876,,,
1876,,,
1876,42.750,12.700,4.93
1876,37.817,13.300,5.14
1876,,,
1876,,,
1876,38.100,15.650,5.14
1876,41.683,13.750,5.14
1876,46.500,13.300,4.51
1876,41.827,12.784,4.94
1877,46.450,13.300,4.93
1877,43.667,11.833,4.72
1877,46.417,13.017,4.51
1877,41.744,12.754,4.43
1877,41.710,13.351,5.23
1877,45.761,10.808,4.56
1877,46.067,6.317,5.14
1877,46.030,7.750,4.80
1877,42.297,12.114,4.51
1878,45.983,14.217,4.51
1878,44.673,7.334,4.09
1878,42.750,13.000,4.72
1878,44.424,11.543,5.06
1878,,,
1878,46.780,10.320,3.90
1878,,,
1878,44.439,7.356,4.89
1878,44.218,10.037,5.06
1878,42.843,12.675,5.42
1878,37.266,14.691,4.39
1878,44.250,11.500,5.14
1879,46.500,14.600,4.72
1879,46.167,14.417,4.72
1879,45.616,10.540,4.83
1879,42.766,13.043,5.57
1879,44.168,11.587,5.05
1879,46.139,13.226,4.79
1879,46.167,14.317,4.93
1879,46.200,6.650,5.14
1880,46.220,7.800,5.20
1880,44.200,11.800,4.51
1880,40.800,13.467,5.14
1880,47.400,11.300,4.72
1880,37.933,14.367,4.93
1881,44.401,11.348,5.16
1881,,,
1881,45.750,14.083,4.93
1881,44.270,11.958,4.95
1881,,,
1881,46.300,7.920,4.30
1881,40.747,13.895,5.36
1881,42.813,12.715,4.66
1881,39.367,16.050,4.72
1881,46.417,13.017,4.72
1881,45.217,6.200,4.51
1881,45.317,6.267,5.14
1881,45.217,6.200,4.72
1881,42.231,14.284,5.59
1881,44.143,12.189,4.82
1881,46.900,13.500,4.72
1881,46.300,6.970,4.60
1882,42.627,11.828,4.72
1882,47.440,10.640,4.10
1882,42.291,14.347,5.21
1882,44.660,9.085,4.99
1882,45.878,9.926,4.91
1882,38.000,15.500,4.72
1882,42.700,13.000,4.93
1882,41.558,14.204,5.27
1882,46.000,14.250,5.14
1882,42.979,13.875,5.02
1882,45.710,10.770,4.99
1883,44.604,7.401,4.37
1883,41.831,12.828,5.14
1883,41.517,13.767,4.72
1883,39.300,16.267,4.72
1883,40.744,13.885,5.79
1883,41.807,12.765,4.60
1883,46.040,12.361,4.61
1883,42.671,13.255,5.14
1884,42.665,13.953,4.60
1884,37.860,15.044,4.39
1884,41.720,12.671,4.72
1884,38.600,16.100,4.72
1884,41.767,12.717,4.72
1884,42.933,13.083,5.14
1884,45.547,9.770,4.85
1884,44.934,6.623,5.33
1884,45.880,6.330,4.30
1884,46.500,13.583,4.51
1885,43.867,8.017,4.51
1885,45.208,10.169,5.19
1885,41.483,13.800,4.72
1885,41.820,13.102,4.66
1885,46.570,7.380,5.00
1885,42.521,12.844,4.87
1885,44.260,7.465,4.09
1885,41.133,14.800,5.14
1885,46.220,7.350,4.30
1885,41.543,14.679,5.53
1885,45.997,12.320,5.18
1886,41.713,12.680,4.72
1886,39.338,16.191,5.55
1886,41.567,13.333,4.72
1886,45.036,7.306,5.25
1886,42.025,12.995,4.51
1886,46.610,10.050,4.70
1886,44.750,10.306,4.70
1886,47.320,10.840,5.10
1887,42.333,13.400,4.72
1887,43.715,8.161,6.97
1887,44.458,7.093,4.30
1887,45.822,11.860,4.77
1887,41.995,13.482,4.09
1887,45.827,9.361,4.12
1887,43.525,13.170,4.58
1887,44.288,11.881,4.33
1887,44.576,7.276,4.09
1887,43.750,11.216,4.54
1887,39.564,16.221,5.49
1888,38.800,15.217,5.14
1888,42.667,13.750,5.14
1888,37.800,14.200,4.72
1889,38.950,16.517,4.72
1889,46.250,14.600,4.72
1889,44.355,11.314,4.73
1889,42.300,12.667,4.72
1889,38.067,16.100,5.14
1889,46.400,13.000,4.72
1889,41.517,13.767,4.51
1889,38.583,14.583,5.14
1889,42.572,11.783,4.51
1889,46.000,14.050,4.51
1889,41.800,14.100,4.72
1889,38.683,15.900,4.51
1889,46.400,13.000,5.14
1889,42.167,13.700,4.51
1889,41.683,12.883,4.72
1889,41.830,15.688,5.69
1889,43.898,11.643,4.30
1890,43.483,11.167,4.51
1890,46.215,12.385,4.96
1890,44.000,11.250,4.51
1890,36.777,11.994,4.37
1891,46.300,7.250,3.90
1891,38.800,15.217,5.14
1891,43.933,10.667,4.51
1891,41.804,13.483,4.50
1891,45.564,11.165,5.86
1891,45.430,10.767,4.60
1891,38.550,14.833,5.14
1891,42.867,12.800,4.72
1891,44.417,11.933,4.72
1891,41.489,13.822,4.51
1891,46.830,10.320,4.30
1891,36.822,11.955,4.51
1891,43.417,12.133,4.72
1891,46.183,8.283,4.30
1891,46.139,9.829,4.43
1892,45.593,10.483,5.02
1892,46.150,12.322,4.28
1892,42.217,13.150,4.51
1892,41.725,12.712,5.15
1892,37.150,14.700,4.51
1892,45.569,7.797,4.90
1892,38.552,14.605,5.29
1892,41.762,16.097,4.98
1892,43.867,7.833,4.72
1892,44.450,10.517,4.72
1892,42.122,15.503,5.06
1892,46.102,12.594,4.71
1892,46.121,12.358,4.09
1892,38.233,15.200,4.51
1892,45.566,11.204,4.91
1892,40.933,12.867,4.72
1892,43.480,12.273,4.49
1892,44.219,7.556,4.01
1892,44.245,11.387,4.52
1892,,,
1893,44.300,7.150,4.51
1893,40.583,15.417,5.14
1893,38.800,15.200,4.72
1893,41.717,12.667,4.51
1893,38.001,15.028,4.87
1893,38.200,13.200,4.72
1893,41.713,16.075,5.36
1893,46.181,12.265,4.60
1894,45.584,11.140,4.77
1894,37.926,15.076,4.28
1894,36.800,12.000,4.72
1894,41.850,15.331,4.75
1894,39.995,16.036,5.08
1894,38.550,14.833,5.14
1894,42.018,12.911,4.20
1894,38.288,15.870,6.07
1894,45.564,10.123,5.07
1894,46.006,11.821,4.51
1894,43.533,10.250,4.51
1894,38.560,14.581,5.18
1895,46.100,14.500,4.93
1895,41.017,14.617,4.72
1895,46.100,12.454,4.49
1895,38.283,15.567,4.51
1895,44.685,11.987,4.74
1895,41.500,13.783,4.72
1895,37.075,14.694,4.89
1895,46.131,14.533,6.23
1895,43.703,11.264,5.43
1895,42.750,12.700,5.14
1895,45.008,11.960,4.11
1895,,,
1895,45.943,12.073,5.03
1895,42.333,13.533,4.72
1895,44.700,12.183,4.72
1895,40.297,15.913,4.35
1895,38.300,15.983,4.72
1895,44.250,10.750,4.72
1895,42.150,14.900,4.72
1895,42.717,13.017,4.72
1895,44.027,11.818,4.56
1895,38.583,16.383,4.72
1895,45.764,10.809,4.30
1895,43.467,11.067,4.93
1895,43.167,13.700,4.72
1895,41.766,12.440,4.85
1895,45.649,11.155,4.30
1895,38.267,15.550,4.51
1895,43.700,8.050,4.72
1896,42.533,12.550,4.72
1896,43.867,12.200,4.51
1896,38.267,15.883,4.72
1896,41.733,15.967,4.72
1896,36.977,14.889,4.21
1896,44.133,10.933,4.72
1896,38.100,16.150,4.72
1896,46.480,6.770,4.30
1896,43.897,7.869,4.92
1896,46.500,13.333,4.72
1896,44.250,10.750,4.72
1897,42.750,12.883,5.14
1897,45.816,11.152,4.38
1897,46.183,14.500,4.72
1897,37.500,15.400,4.72
1897,47.300,11.400,4.72
1897,43.167,12.600,4.93
1897,41.500,14.033,4.72
1897,42.167,14.200,4.51
1897,46.000,14.500,5.57
1897,38.500,13.167,4.72
1897,43.467,11.000,4.93
1897,36.250,15.000,4.51
1897,45.859,12.002,4.54
1897,41.667,13.383,4.51
1897,43.533,12.567,4.72
1897,46.058,14.503,5.25
1897,43.617,10.617,4.72
1897,43.833,11.000,4.93
1897,42.983,12.683,4.51
1897,46.780,9.570,4.30
1897,43.706,12.966,5.46
1897,43.933,7.817,4.30
1897,43.000,13.500,4.51
1897,43.033,11.700,4.72
1897,39.250,16.700,4.72
1897,43.496,12.378,5.13
1898,44.645,11.771,4.79
1898,43.917,11.917,4.72
1898,46.100,13.450,5.14
1898,44.655,10.260,5.41
1898,46.050,14.500,4.93
1898,39.100,16.400,4.72
1898,,,
1898,46.600,7.680,4.80
1898,42.415,12.905,5.49
1898,38.181,15.386,4.89
1898,42.910,12.973,5.04
1898,46.150,14.633,4.51
1898,,,
1898,38.167,14.867,4.93
1898,37.259,14.546,4.80
1898,45.636,10.459,4.45
1898,43.667,12.300,4.51
1898,41.233,15.000,4.72
1898,43.100,12.967,4.72
1899,41.500,13.783,4.51
1899,46.183,14.500,4.51
1899,42.817,12.950,4.93
1899,40.783,13.417,4.72
1899,42.500,12.500,4.51
1899,47.300,10.500,4.70
1899,43.250,13.500,4.72
1899,43.958,11.117,5.06
1899,38.583,14.800,4.51
1899,43.833,11.950,4.51
1899,41.798,12.686,5.13
1899,46.600,14.600,4.93
1899,41.143,15.337,4.65
1899,46.150,14.383,4.93
1899,40.555,15.654,4.57
1900,42.300,13.967,4.76
1900,45.850,12.067,5.13
1900,44.452,7.620,4.26
1900,43.800,7.933,4.76
1900,42.583,12.768,4.36
1900,42.650,13.650,4.76
1900,42.833,12.583,4.55
1900,45.416,7.502,4.30
1900,43.483,11.300,4.55
1900,41.917,15.333,4.55
1900,41.744,13.575,4.16
1901,42.267,13.900,4.72
1901,42.719,12.113,4.30
1901,45.000,11.100,4.72
1901,45.167,7.167,4.51
1901,44.333,7.500,4.72
1901,44.317,7.483,4.72
1901,42.100,12.736,5.21
1901,44.923,7.567,4.81
1901,42.550,12.217,4.72
1901,38.900,16.600,4.72
1901,41.719,13.750,5.23
1901,42.750,12.717,4.72
1901,43.617,10.950,4.72
1901,43.833,13.000,4.51
1901,42.233,13.983,4.72
1901,45.582,10.493,5.70
1901,38.600,16.100,4.51
1902,45.667,14.217,4.51
1902,44.093,10.463,4.96
1902,41.800,12.683,4.72
1902,42.800,12.600,4.72
1902,46.900,11.300,4.72
1902,43.643,11.832,4.63
1902,41.383,14.000,4.51
1902,44.200,10.200,5.14
1902,41.733,13.350,4.72
1902,42.358,12.841,4.80
1902,44.200,10.200,4.51
1902,41.033,14.600,4.51
1902,42.839,11.602,4.86
1903,36.903,15.014,4.58
1903,46.017,14.217,4.93
1903,44.300,7.050,4.51
1903,43.883,8.100,4.51
1903,41.034,14.557,4.73
1903,42.400,12.867,4.51
1903,42.635,12.041,4.51
1903,37.150,14.400,4.51
1903,44.329,9.953,5.25
1903,45.750,14.167,4.51
1903,42.794,13.074,4.89
1903,41.100,14.767,4.72
1904,42.097,13.316,5.58
1904,,,
1904,44.490,10.640,5.05
1904,,,
1904,,,
1904,46.500,13.800,5.05
1904,,,
1904,,,
1904,,,
1904,41.706,15.728,4.91
1904,41.467,13.983,4.72
1904,44.200,10.842,5.03
1904,43.067,12.633,4.51
1904,44.917,6.667,5.15
1904,38.550,14.833,4.72
1904,41.100,14.900,4.93
1904,43.000,13.300,4.72
1904,42.883,11.550,4.51
1904,45.300,14.600,5.14
1904,42.933,12.700,4.51
1904,46.283,12.517,4.72
1904,41.932,13.918,4.60
1904,46.017,14.250,4.51
1904,43.867,7.733,4.30
1904,43.964,10.820,5.15
1905,44.900,6.600,4.72
1905,46.250,13.750,4.51
1905,42.862,11.558,4.66
1905,40.951,14.806,4.90
1905,46.016,7.011,5.63
1905,44.550,7.717,4.72
1905,40.525,15.599,4.41
1905,45.983,7.017,5.03
1905,41.700,15.500,4.72
1905,42.019,14.026,5.16
1905,38.819,15.943,7.04
1905,47.000,11.500,4.51
1905,41.134,15.028,5.21
1905,43.117,13.250,4.51
1905,46.200,7.000,4.30
1905,42.833,12.567,4.51
1905,46.810,9.480,4.72
1905,46.880,9.430,5.10
1906,40.833,15.033,4.51
1906,42.767,13.533,4.51
1906,42.533,13.300,4.72
1906,41.750,12.667,4.72
1906,38.700,13.200,4.72
1906,38.050,15.100,4.72
1906,46.500,14.600,4.51
1906,43.446,11.137,4.50
1906,37.933,14.100,4.51
1906,46.400,13.000,4.72
1906,37.750,14.400,4.95
1906,38.806,15.235,4.55
1906,46.100,14.567,4.70
1906,42.400,13.100,4.72
1906,40.300,16.000,4.72
1906,43.962,7.801,4.52
1906,38.000,13.600,5.14
1906,44.401,9.586,4.44
1906,43.533,11.200,4.51
1907,38.021,13.552,4.36
1907,43.089,14.042,5.06
1907,40.900,13.000,4.72
1907,41.600,14.517,5.14
1907,46.512,10.482,4.72
1907,37.633,13.637,4.51
1907,45.318,11.073,4.91
1907,37.500,15.000,5.14
1907,46.117,14.600,4.72
1907,46.433,13.067,4.82
1907,41.889,14.065,4.46
1907,41.683,13.733,4.72
1907,38.087,15.986,5.87
1907,43.403,11.351,4.38
1907,40.800,14.900,4.72
1907,43.486,11.374,4.63
1907,41.867,14.083,5.14
1908,42.100,15.600,4.72
1908,42.350,13.400,4.72
1908,45.560,11.176,4.43
1908,39.128,16.313,4.72
1908,45.667,14.200,4.51
1908,45.623,11.207,4.96
1908,43.000,13.300,4.51
1908,40.517,16.550,4.72
1908,44.264,10.823,4.52
1908,41.883,14.050,4.72
1908,43.317,11.317,4.72
1908,44.835,11.329,4.27
1908,38.600,14.500,5.14
1908,46.465,13.191,5.38
1908,46.417,13.167,5.05
1908,46.450,13.200,4.86
1908,37.900,14.300,5.14
1908,44.400,13.800,4.72
1908,42.000,15.400,4.51
1908,41.567,13.800,4.72
1908,38.033,16.083,4.72
1908,43.267,11.750,4.72
1908,43.154,13.596,4.55
1908,38.059,15.036,5.13
1908,47.000,12.500,4.51
1908,38.146,15.687,7.10
1909,37.233,14.500,4.72
1909,38.806,15.235,4.93
1909,41.567,13.800,4.51
1909,44.579,11.688,5.53
1909,,,
1909,42.567,12.617,4.72
1909,46.283,6.717,4.72
1909,42.550,13.500,4.51
1909,44.500,10.500,4.72
1909,39.300,16.800,4.72
1909,43.917,8.117,4.72
1909,37.817,13.300,4.72
1909,,,
1909,41.567,13.800,4.51
1909,43.150,11.403,5.37
1909,43.133,11.200,5.17
1909,41.950,12.383,4.72
1909,42.550,11.750,4.72
1909,42.733,12.733,4.51
1909,44.833,7.250,4.51
1909,45.200,14.200,4.72
1909,38.167,15.583,5.14
1909,40.833,15.400,4.72
1909,37.900,13.100,5.14
1909,38.367,16.083,4.51
1910,44.900,9.633,4.51
1910,38.700,13.200,4.72
1910,38.200,13.200,4.72
1910,42.117,13.250,4.72
1910,42.583,12.983,4.72
1910,44.821,11.162,4.30
1910,38.867,16.517,4.51
1910,45.850,13.000,4.51
1910,40.200,16.000,4.72
1910,40.898,15.421,5.73
1910,37.850,14.150,4.72
1910,38.167,15.583,4.72
1910,42.742,12.929,4.86
1910,47.300,10.900,5.15
1910,40.177,16.248,4.74
1910,38.167,15.583,5.14
1910,38.600,16.033,4.51
1910,42.700,13.250,5.14
1910,41.483,13.800,4.51
1911,42.583,12.317,4.72
1911,46.500,13.300,4.69
1911,44.117,12.075,5.28
1911,38.167,15.583,4.72
1911,44.133,12.100,5.29
1911,44.061,12.507,5.00
1911,43.811,11.816,4.71
1911,41.817,12.667,4.65
1911,45.900,13.983,4.44
1911,42.367,13.400,4.72
1911,38.167,15.583,4.72
1911,47.300,11.700,4.51
1911,42.367,13.400,4.72
1911,43.436,11.343,5.19
1911,37.267,14.683,4.51
1911,46.800,12.300,4.51
1912,43.700,8.050,4.51
1912,37.751,14.102,4.69
1912,44.583,6.533,4.72
1912,40.800,14.800,4.51
1912,47.300,11.400,4.62
1912,43.567,12.500,4.51
1912,41.383,16.133,5.14
1912,41.700,13.667,4.72
1912,46.150,12.400,4.67
1912,44.050,11.167,4.51
1912,38.800,16.267,4.51
1912,38.167,15.583,5.19
1913,41.868,13.657,4.66
1913,38.333,16.100,4.51
1913,44.099,10.829,4.54
1913,45.517,14.367,5.14
1913,37.842,15.139,4.05
1913,38.983,16.267,4.72
1913,38.167,15.583,4.51
1913,39.531,16.239,5.66
1913,44.041,11.762,4.78
1913,44.333,7.333,4.51
1913,40.883,15.200,4.72
1913,43.800,11.900,4.72
1913,43.400,12.500,4.51
1913,47.100,11.700,5.11
1913,47.100,11.300,4.36
1913,47.100,11.300,4.67
1913,41.513,14.716,5.37
1913,44.551,10.195,4.84
1913,44.744,8.863,4.70
1913,44.750,8.500,4.69
1914,43.500,10.200,4.72
1914,45.617,14.167,4.51
1914,42.017,13.700,4.72
1914,37.883,14.950,4.72
1914,43.400,11.400,4.72
1914,41.471,13.898,4.46
1914,43.200,12.800,5.14
1914,47.300,11.500,4.93
1914,45.067,7.336,5.41
1914,45.083,7.333,4.89
1914,45.083,7.333,5.12
1914,43.911,10.598,5.76
1914,41.483,13.800,4.51
1914,41.583,14.250,5.14
1915,42.014,13.530,7.00
1915,41.983,13.600,4.90
1915,44.133,12.100,4.72
1915,41.983,13.600,4.85
1915,41.983,13.600,4.75
1915,,,
1915,41.767,12.717,4.83
1915,41.983,13.600,5.07
1915,41.983,13.600,5.11
1915,41.917,13.233,5.05
1915,,,
1915,43.012,12.893,4.94
1915,45.800,14.200,4.74
1915,43.078,12.463,4.60
1915,,,
1915,38.500,14.900,4.72
1915,41.983,13.600,4.72
1915,41.967,12.950,4.72
1915,,,
1915,46.100,7.060,4.66
1915,38.100,15.700,4.72
1915,42.700,13.000,4.72
1915,,,
1915,44.732,10.469,5.02
1915,42.529,12.655,4.68
1915,,,
1916,,,
1916,46.050,14.500,4.72
1916,45.200,14.800,5.57
1916,42.294,13.396,5.10
1916,44.141,12.725,5.95
1916,41.445,13.960,4.36
1916,,,
1916,38.806,15.235,4.93
1916,42.824,13.227,5.02
1916,44.100,10.500,4.72
1916,43.300,11.000,4.51
1916,44.167,12.917,5.09
1916,44.167,12.917,5.09
1916,44.167,12.917,4.54
1916,44.167,12.917,5.39
1916,44.167,12.917,5.40
1916,44.167,12.917,5.03
1916,44.167,12.917,4.88
1916,44.167,12.917,5.37
1916,44.167,12.917,4.95
1916,44.167,12.917,5.10
1916,43.800,12.800,4.72
1916,44.034,12.779,6.14
1916,44.167,12.917,5.50
1916,43.800,12.800,4.53
1916,44.167,12.917,5.36
1916,44.167,12.917,4.91
1916,44.167,12.917,5.05
1916,44.308,7.173,4.46
1916,44.167,12.917,4.68
1916,38.600,14.900,4.72
1916,42.833,12.567,4.51
1916,46.317,14.817,5.14
1916,42.646,13.169,5.53
1917,,,
1917,44.017,11.917,4.72
1917,38.700,13.167,4.72
1917,42.900,13.400,4.51
1917,43.467,12.129,5.89
1917,42.590,12.641,5.10
1917,39.283,16.317,4.86
1917,39.662,16.877,5.25
1917,41.717,13.633,4.72
1917,42.200,13.167,4.51
1917,42.950,12.717,4.51
1917,40.231,16.009,4.54
1917,42.537,12.030,4.34
1917,43.507,13.586,5.07
1917,41.483,13.817,4.72
1917,44.059,11.829,5.09
1917,46.460,9.780,5.00
1918,45.458,9.021,4.80
1918,43.500,11.800,4.90
1918,43.621,10.868,4.30
1918,44.133,12.100,4.71
1918,46.000,13.000,4.72
1918,43.500,12.200,4.51
1918,42.855,12.548,4.55
1918,45.778,9.631,4.97
1918,44.691,10.630,4.52
1918,37.655,14.851,4.30
1918,45.326,10.438,4.62
1918,46.000,14.017,4.72
1918,47.267,10.217,4.93
1918,43.917,11.933,5.88
1918,39.283,16.321,4.30
1918,38.600,16.050,4.51
1919,43.145,12.228,4.70
1919,38.167,15.583,4.51
1919,41.783,13.450,4.72
1919,43.957,11.482,6.29
1919,45.800,11.917,4.86
1919,42.793,11.788,5.32
1919,46.450,9.930,4.66
1919,44.133,10.533,4.51
1919,41.671,15.554,5.09
1919,41.383,12.561,5.48
1919,43.571,12.132,5.02
1919,46.280,7.320,4.60
1919,45.656,10.245,4.80
1919,44.173,7.760,4.90
1919,41.459,12.663,4.51
1920,42.283,13.283,4.72
1920,39.300,16.300,4.72
1920,42.900,13.500,4.51
1920,40.800,15.700,4.72
1920,46.317,7.567,3.90
1920,46.384,13.144,5.10
1920,43.033,15.033,5.30
1920,44.100,11.800,4.49
1920,41.650,13.750,4.71
1920,41.621,13.748,4.68
1920,40.000,14.000,5.44
1920,44.250,10.283,5.13
1920,44.185,10.278,6.48
1920,44.250,10.283,4.96
1920,44.250,10.283,4.68
1920,44.317,10.283,4.73
1920,43.300,11.300,4.51
1920,44.250,10.283,4.76
1921,43.300,12.500,4.72
1921,44.783,6.867,4.61
1921,44.377,9.882,4.73
1921,38.300,16.000,4.72
1921,41.400,13.983,4.72
1921,43.120,13.253,4.83
1921,45.771,11.768,4.41
1921,44.376,9.987,4.63
1922,42.684,11.865,4.38
1922,44.821,11.408,4.34
1922,43.148,13.286,4.89
1922,44.200,10.700,4.68
1922,43.700,13.450,4.50
1922,46.000,12.000,4.76
1922,41.793,13.632,5.19
1923,45.900,14.400,4.93
1923,42.200,13.233,4.72
1923,44.595,10.799,4.88
1923,43.200,13.300,4.72
1923,38.200,15.600,4.51
1923,44.667,6.750,4.71
1923,45.500,14.250,4.72
1923,40.677,15.449,4.96
1924,43.736,13.141,5.36
1924,41.700,8.500,5.03
1924,46.900,11.400,5.07
1924,41.340,14.788,4.60
1924,42.729,11.816,4.35
1924,42.500,15.500,4.90
1924,46.300,7.960,5.35
1924,40.895,14.771,4.70
1924,46.409,12.912,5.08
1924,46.620,10.552,4.70
1924,44.167,10.733,4.86
1924,37.132,14.879,4.73
1924,42.517,12.850,4.72
1924,44.400,8.950,4.51
1924,41.800,13.567,4.51
1924,38.700,13.217,4.93
1924,46.462,12.982,5.38
1925,37.813,14.370,4.80
1925,44.282,10.286,4.52
1925,43.200,10.900,4.72
1925,46.133,12.200,4.66
1925,42.500,7.500,4.97
1925,46.150,6.333,4.30
1925,41.264,15.898,4.48
1925,37.683,14.567,4.72
1925,41.882,16.180,4.92
1925,42.850,11.600,4.51
1925,45.333,14.500,4.59
1925,41.719,14.188,5.20
1926,45.761,14.282,5.85
1926,42.852,11.631,4.90
1926,44.488,10.487,4.16
1926,38.565,14.836,5.41
1926,46.500,13.000,4.89
1926,44.300,10.000,4.51
1926,42.025,13.503,4.48
1927,41.250,14.624,4.95
1927,46.500,9.900,4.66
1927,42.899,13.074,4.56
1927,37.700,13.900,4.72
1927,41.841,13.466,5.19
1927,44.520,9.590,4.88
1927,44.400,10.400,4.68
1927,43.400,12.500,4.72
1927,45.151,7.275,4.97
1927,41.700,12.701,4.93
1927,41.222,15.386,4.51
1928,38.000,14.400,4.51
1928,44.440,9.611,4.39
1928,38.544,16.037,5.83
1928,46.372,12.975,5.84
1928,43.026,11.503,4.51
1928,43.724,13.063,4.88
1928,44.797,10.872,4.78
1928,44.508,9.587,4.46
1928,46.400,13.000,4.51
1928,44.200,10.200,4.51
1928,39.400,17.100,4.51
1928,46.350,13.050,4.74
1928,46.183,6.867,4.30
1929,38.800,16.500,4.72
1929,41.800,13.783,4.75
1929,43.383,13.150,4.72
1929,38.200,15.600,4.51
1929,44.447,11.385,5.03
1929,44.500,11.333,5.02
1929,44.500,11.333,5.09
1929,,,
1929,44.481,11.150,5.34
1929,,,
1929,,,
1929,,,
1929,44.350,11.717,4.30
1929,42.800,12.800,4.51
1929,,,
1929,43.988,11.507,5.02
1929,46.400,14.267,4.72
1929,46.083,13.433,4.72
1929,46.670,10.220,3.90
1929,42.683,11.845,4.30
1930,46.350,13.033,4.72
1930,42.483,9.383,4.51
1930,45.833,14.250,4.72
1930,38.547,14.471,4.94
1930,42.767,13.283,4.77
1930,40.769,14.700,4.76
1930,42.500,15.500,4.97
1930,38.400,16.400,4.51
1930,46.609,12.347,4.97
1930,44.136,10.724,4.81
1930,45.317,6.583,4.58
1930,44.500,14.500,4.51
1930,41.068,15.318,6.62
1930,43.000,13.500,4.71
1930,44.600,10.600,4.70
1930,42.700,13.017,4.72
1930,47.400,10.700,5.42
1930,39.100,17.300,5.03
1930,43.659,13.331,5.81
1930,41.067,15.700,4.93
1930,42.883,13.300,4.51
1931,46.500,14.850,4.72
1931,44.250,10.100,4.68
1931,44.821,11.764,4.81
1931,44.194,11.710,4.80
1931,44.417,11.600,5.10
1931,45.974,10.666,4.92
1931,41.067,15.700,4.80
1931,42.565,12.153,4.16
1931,41.500,13.801,4.23
1931,44.541,11.021,4.42
1931,43.800,13.100,4.51
1931,42.450,12.533,4.72
1931,44.057,11.367,4.80
1931,42.700,13.000,4.72
1931,41.722,13.425,4.75
1931,41.000,15.700,4.51
1931,41.260,15.814,4.62
1931,44.070,11.494,4.85
1931,46.117,14.817,4.72
1931,46.259,13.104,5.21
1932,39.096,16.958,5.43
1932,44.667,6.783,4.51
1932,45.632,10.729,5.02
1932,40.633,16.900,4.80
1932,37.907,14.456,5.15
1932,40.310,15.907,4.30
1933,46.280,7.900,4.60
1933,39.000,17.000,4.51
1933,37.559,13.170,4.29
1933,41.023,15.351,4.97
1933,46.500,14.600,4.51
1933,44.417,6.467,4.93
1933,46.280,7.880,4.65
1933,42.079,14.093,5.95
1933,43.200,10.900,4.72
1933,47.400,10.700,4.98
1933,42.067,14.183,5.14
1934,45.800,10.100,4.56
1934,46.398,13.059,4.85
1934,46.287,12.540,4.94
1934,44.438,9.725,4.99
1934,40.233,16.012,4.59
1934,47.400,11.800,5.01
1934,37.439,14.580,4.95
1934,44.495,11.012,4.57
1934,39.283,16.333,4.93
1934,43.750,10.000,4.76
1934,44.555,13.723,5.34
1935,44.583,6.633,5.22
1935,44.260,11.876,5.16
1935,42.955,12.704,4.30
1935,40.475,15.849,4.30
1935,41.300,14.000,4.72
1936,46.250,14.550,4.93
1936,41.041,14.585,4.45
1936,43.013,12.660,4.36
1936,38.717,16.200,4.66
1936,42.703,11.842,3.91
1936,45.515,10.721,4.66
1936,41.783,14.108,4.37
1936,45.748,10.554,4.38
1936,38.201,15.000,4.84
1936,45.554,8.043,4.72
1936,46.089,12.380,6.12
1936,46.033,12.450,5.09
1936,43.145,13.223,4.79
1936,43.930,7.668,4.60
1937,46.500,13.000,4.71
1937,46.133,12.217,4.72
1937,43.900,13.100,4.43
1937,36.950,14.533,4.51
1937,46.346,10.548,4.70
1937,41.785,15.298,5.05
1937,44.764,10.338,4.65
1937,43.833,13.083,4.43
1937,44.334,10.834,5.17
1937,41.704,15.296,4.62
1937,44.667,6.717,4.72
1938,44.617,6.550,4.72
1938,46.049,12.717,4.91
1938,46.383,12.967,4.83
1938,44.667,6.600,5.07
1938,42.467,13.200,4.89
1938,45.900,7.300,4.90
1938,45.417,7.450,4.80
1939,38.467,14.883,5.17
1939,45.200,14.600,4.93
1939,44.002,11.431,5.01
1939,44.750,7.283,4.30
1939,46.067,14.817,4.92
1939,45.933,12.767,4.57
1939,44.119,10.255,5.08
1939,44.233,10.200,4.99
1940,46.033,11.800,4.72
1940,46.700,9.600,3.90
1940,38.076,13.429,5.28
1940,44.467,10.100,5.03
1940,43.361,11.389,4.50
1940,42.883,11.617,4.72
1940,38.507,16.072,4.58
1940,44.800,6.600,4.56
1940,44.800,10.183,5.15
1940,42.850,11.716,4.77
1940,43.083,12.567,4.95
1940,43.700,12.500,4.72
1940,41.800,14.167,4.51
1940,42.885,11.867,5.26
1940,41.800,13.750,4.51
1941,44.133,7.283,4.83
1941,42.888,12.927,4.51
1941,41.700,15.400,4.70
1941,38.806,15.235,5.35
1941,38.267,15.867,4.72
1941,41.700,15.400,5.37
1941,41.200,15.000,5.10
1941,41.988,13.068,4.52
1941,36.717,15.100,4.72
1941,43.000,12.433,5.14
1941,40.200,16.900,4.72
1942,42.900,13.533,4.51
1942,46.250,13.817,4.74
1942,45.917,10.882,4.33
1943,43.074,13.584,5.04
1943,43.100,12.600,4.72
1943,45.139,7.148,4.40
1943,46.400,13.000,4.43
1943,45.986,11.883,5.20
1943,43.714,13.223,4.30
1943,42.909,13.651,5.83
1943,45.100,8.100,4.76
1943,46.017,11.800,4.72
1944,46.500,13.750,4.72
1945,44.817,9.146,4.86
1945,44.830,9.131,5.11
1945,44.831,9.116,5.05
1946,46.350,7.400,5.95
1946,46.280,7.430,5.35
1946,44.600,9.600,4.70
1946,38.200,15.600,4.72
1946,39.800,16.000,4.70
1946,46.300,7.420,5.75
1946,46.100,12.400,4.39
1947,44.900,7.300,5.03
1947,39.000,15.200,5.23
1947,42.500,15.000,4.77
1947,38.652,16.518,5.70
1947,39.300,16.250,4.72
1947,40.900,15.900,4.80
1947,41.049,15.189,4.30
1947,38.050,14.917,4.50
1947,43.095,11.625,4.77
1947,45.700,10.200,4.74
1948,43.133,13.533,4.50
1948,40.000,19.000,4.83
1948,43.598,12.127,5.05
1948,45.900,10.400,4.65
1948,39.100,16.400,4.50
1948,41.575,15.748,5.64
1948,41.500,15.800,5.44
1948,41.500,15.900,5.42
1948,46.283,13.067,4.72
1948,38.800,15.200,4.43
1948,42.861,11.563,4.76
1948,41.128,8.879,5.12
1948,42.600,12.900,4.72
1949,46.117,14.817,4.72
1949,44.100,11.383,4.76
1949,44.450,6.367,4.72
1949,42.800,13.100,4.70
1949,42.517,12.850,4.51
1949,42.217,12.417,4.72
1949,46.200,7.900,4.57
1949,36.915,14.686,5.20
1949,42.532,12.805,4.97
1949,43.700,13.400,4.50
1949,45.883,13.933,4.62
1949,38.117,15.583,4.43
1950,41.200,14.900,4.43
1950,46.400,13.100,4.43
1950,42.633,13.300,4.44
1950,42.700,13.250,5.14
1950,43.396,10.395,5.14
1950,43.533,10.333,4.83
1950,38.183,15.550,5.14
1950,41.200,14.200,4.43
1950,44.731,10.671,4.25
1950,38.400,15.400,4.51
1950,42.817,13.333,4.63
1950,42.547,13.457,5.68
1950,38.000,15.483,4.72
1951,41.808,15.900,5.35
1951,45.251,9.601,5.39
1951,43.333,14.814,5.06
1951,47.300,11.000,4.72
1951,42.700,13.200,4.56
1951,42.466,13.461,5.30
1951,44.023,10.379,4.66
1951,43.029,13.287,5.34
1951,44.458,10.989,4.25
1952,45.995,12.542,4.57
1952,45.800,14.267,4.72
1952,43.980,11.883,4.99
1952,43.967,11.867,4.87
1952,44.774,8.360,4.76
1952,43.933,11.967,4.83
1953,44.033,11.517,4.70
1953,38.700,16.100,4.51
1953,41.586,15.733,4.63
1953,46.501,13.072,4.24
1953,44.787,10.795,4.77
1953,44.067,12.183,5.02
1954,42.567,12.717,4.72
1954,46.367,12.600,4.74
1954,46.280,7.310,5.38
1954,46.280,7.500,5.13
1954,40.667,15.883,5.31
1954,46.300,13.150,4.80
1954,41.618,15.864,4.75
1954,37.933,13.100,4.72
1955,41.719,15.863,5.09
1955,41.700,15.883,5.28
1955,44.117,9.967,4.51
1955,44.530,7.154,4.80
1955,47.266,11.404,4.82
1955,44.483,7.067,5.14
1955,40.100,15.700,4.72
1955,41.700,15.883,4.72
1955,46.200,12.717,4.70
1955,46.200,12.717,4.56
1955,39.583,16.417,4.72
1955,44.176,10.077,4.57
1956,40.570,16.366,4.88
1956,45.550,14.283,5.13
1956,45.550,14.283,4.88
1956,45.283,11.783,4.56
1956,44.919,11.899,4.82
1956,43.299,11.278,4.34
1956,45.550,14.283,4.88
1956,44.204,11.333,4.77
1956,46.433,12.867,4.72
1956,43.939,11.897,4.99
1956,43.950,11.817,4.70
1956,44.683,7.200,4.72
1956,,,
1956,41.717,15.667,4.93
1956,41.667,15.667,4.62
1956,42.500,13.500,4.70
1956,46.506,13.039,4.98
1956,41.583,14.400,4.72
1957,42.783,13.100,4.72
1957,42.256,13.079,4.96
1957,43.937,11.942,4.71
1957,43.900,11.833,4.83
1957,40.800,15.700,4.51
1957,42.767,12.650,5.14
1957,44.395,10.995,4.65
1957,40.478,15.629,4.72
1957,44.383,10.200,4.51
1957,43.500,13.700,4.72
1957,42.783,13.100,4.72
1957,42.707,12.029,4.93
1958,45.684,10.802,4.30
1958,46.600,13.700,4.51
1958,46.500,14.750,4.93
1958,44.500,7.400,4.64
1958,42.667,12.950,4.70
1958,42.896,11.769,4.28
1958,42.340,13.478,5.21
1958,39.083,16.800,4.43
1958,47.200,10.600,4.93
1958,38.983,16.433,4.93
1959,42.650,13.650,4.70
1959,44.500,9.500,4.50
1959,43.950,12.200,4.50
1959,43.698,11.297,4.84
1959,44.533,6.817,5.44
1959,46.484,13.021,5.23
1959,46.367,14.500,4.51
1959,46.433,12.650,5.22
1959,44.533,6.717,4.30
1959,37.357,14.908,5.29
1960,46.514,12.692,4.62
1960,41.283,13.986,5.05
1960,42.983,12.600,4.56
1960,45.567,14.317,4.72
1960,45.806,10.625,4.91
1960,43.167,12.933,4.50
1960,42.037,13.267,4.75
1960,42.633,13.167,4.70
1960,46.317,8.067,5.00
1960,43.750,12.283,4.56
1960,44.167,11.750,4.70
1960,42.717,12.550,4.77
1960,46.410,13.011,4.25
1960,42.550,12.483,4.65
1960,43.999,11.385,4.97
1960,43.750,12.500,4.70
1961,46.030,7.470,4.30
1961,46.800,10.900,4.51
1961,43.362,12.544,4.54
1961,38.175,15.654,4.79
1961,41.986,13.378,4.41
1961,42.020,13.037,4.55
1961,42.026,13.049,4.61
1961,44.100,11.933,4.51
1961,44.200,10.200,4.70
1961,46.655,10.416,4.63
1961,44.739,10.229,4.47
1961,,,
1961,47.400,10.600,4.51
1961,42.407,13.064,5.13
1961,45.717,9.567,4.70
1962,41.667,15.700,4.70
1962,43.921,12.806,4.52
1962,44.160,11.234,4.42
1962,42.833,13.050,4.70
1962,41.233,14.933,5.73
1962,41.230,14.953,6.13
1962,41.133,15.117,5.39
1962,43.883,12.200,4.86
1962,41.667,13.717,4.50
1962,43.600,11.355,4.64
1962,43.100,13.200,4.50
1962,42.700,12.700,4.77
1962,41.689,13.743,4.51
1963,46.500,13.583,4.51
1963,42.917,13.083,4.70
1963,42.383,12.950,5.14
1963,43.433,12.450,4.43
1963,40.658,15.782,5.20
1963,44.826,11.265,4.09
1963,46.100,14.800,5.14
1963,43.400,12.500,4.70
1963,42.783,12.833,4.90
1963,38.700,14.800,4.79
1963,44.900,6.633,4.30
1963,43.150,8.083,6.02
1963,42.622,13.323,4.87
1963,43.500,8.400,5.07
1963,44.382,11.875,4.99
1963,42.400,12.267,4.72
1963,37.500,15.800,5.17
1963,39.412,16.228,4.29
1963,46.050,14.767,4.72
1964,41.167,15.167,4.64
1964,45.540,14.350,4.77
1964,37.067,15.300,4.72
1964,43.333,12.900,4.70
1964,40.500,15.667,4.64
1964,42.670,13.200,5.09
1964,44.138,11.233,4.71
1965,46.383,13.100,4.51
1965,44.700,8.700,4.51
1965,44.300,10.500,4.54
1965,42.867,12.800,4.60
1965,47.330,11.300,4.49
1965,43.860,12.120,4.80
1965,46.100,13.100,4.75
1965,39.250,16.250,4.90
1965,46.400,7.390,4.64
1965,44.373,10.355,4.74
1965,42.100,13.500,4.56
1965,44.250,12.020,4.97
1966,45.967,12.500,4.33
1966,44.277,7.396,4.65
1966,44.500,11.200,4.70
1966,40.956,16.194,4.62
1966,40.600,15.700,4.43
1966,41.600,13.600,4.70
1967,46.100,6.533,3.87
1967,44.870,10.680,4.69
1967,43.700,11.000,4.23
1967,41.700,15.900,4.73
1967,46.900,10.410,4.98
1967,38.710,15.280,4.64
1967,37.850,15.240,4.78
1967,45.750,9.390,4.52
1967,44.567,10.950,4.47
1967,41.550,14.100,4.51
1967,41.250,14.067,5.14
1967,46.500,7.100,4.54
1967,37.862,14.413,5.46
1967,42.400,13.200,4.74
1967,42.540,13.090,4.68
1967,,,
1967,44.604,11.997,5.24
1968,42.250,12.840,4.25
1968,44.390,11.990,4.62
1968,37.850,13.020,5.02
1968,37.680,12.960,4.92
1968,37.900,13.030,5.18
1968,,,
1968,37.756,12.981,6.33
1968,37.860,13.030,5.11
1968,37.780,12.920,5.42
1968,37.600,13.100,4.83
1968,37.730,13.010,4.89
1968,37.720,12.940,4.97
1968,37.660,12.880,4.88
1968,37.780,12.930,4.80
1968,37.860,12.990,5.56
1968,37.710,13.060,5.49
1968,37.780,12.940,4.73
1968,37.690,12.830,4.78
1968,43.600,13.500,4.70
1968,37.990,12.800,4.50
1968,37.960,17.870,5.32
1968,37.860,12.980,4.86
1968,37.700,12.900,4.54
1968,40.250,16.390,4.35
1968,44.310,8.070,4.51
1968,38.520,14.820,4.90
1968,44.750,10.320,4.54
1968,37.903,14.682,4.89
1968,45.684,7.768,5.08
1968,45.870,11.180,4.81
1968,43.300,11.200,4.43
1968,46.190,6.900,4.60
1968,38.700,16.200,4.51
1968,46.300,14.100,4.25
1968,46.340,6.730,4.70
1968,37.800,13.000,4.51
1968,44.233,8.200,4.56
1969,44.140,10.800,4.47
1969,44.470,12.080,4.63
1969,44.083,11.283,4.83
1969,41.550,13.789,4.55
1969,40.317,14.967,4.51
1969,44.903,10.049,4.62
1969,42.168,12.002,4.84
1969,42.000,11.800,4.54
1969,43.900,12.110,4.32
1969,43.036,12.227,4.94
1969,42.550,13.600,4.37
1969,44.950,7.400,4.40
1969,40.680,15.700,4.86
1970,41.900,16.400,4.72
1970,44.002,11.901,4.63
1970,45.550,10.390,4.48
1970,44.650,10.530,4.54
1970,44.350,10.850,4.72
1970,42.567,12.650,4.51
1970,40.950,7.420,4.83
1970,35.800,11.600,5.03
1970,39.000,17.100,4.90
1970,46.690,7.530,4.54
1970,44.600,12.500,4.64
1970,37.880,16.460,4.54
1970,43.252,10.788,4.87
1970,43.010,12.850,4.69
1970,44.330,12.300,3.96
1970,41.363,13.986,4.68
1970,44.853,11.167,4.09
1970,36.980,9.800,5.03
1970,36.940,9.980,4.64
1970,37.700,12.900,4.51
1970,44.210,8.320,4.55
1971,45.050,9.238,3.94
1971,44.433,7.417,4.54
1971,38.678,14.224,4.64
1971,42.410,11.841,4.80
1971,43.197,12.690,4.66
1971,43.227,12.494,4.59
1971,38.133,14.967,4.35
1971,42.700,12.083,4.59
1971,42.700,13.033,4.42
1971,41.083,15.201,4.57
1971,41.201,15.244,5.06
1971,41.150,15.400,4.68
1971,44.667,6.683,4.53
1971,44.814,10.345,5.64
1971,44.764,10.862,4.23
1971,44.111,8.652,4.43
1971,42.816,13.058,4.99
1971,40.336,15.773,4.60
1971,43.317,12.750,4.35
1972,44.203,8.162,4.78
1972,43.741,13.458,4.58
1972,43.716,13.436,4.86
1972,43.732,13.371,4.58
1972,,,
1972,43.738,13.369,4.47
1972,43.643,13.412,4.54
1972,43.709,13.426,4.50
1972,43.666,13.397,4.54
1972,41.967,15.376,4.82
1972,35.799,14.979,4.64
1972,43.650,13.600,4.62
1972,43.667,13.417,4.56
1972,44.600,10.200,4.01
1972,45.100,14.200,4.51
1972,42.967,13.454,5.38
1972,44.015,13.106,4.54
1972,37.700,12.848,4.25
1973,38.965,16.917,4.89
1973,43.467,12.375,4.52
1973,43.533,10.217,4.51
1973,44.667,9.515,4.60
1973,40.720,15.414,4.86
1973,37.700,13.000,4.72
1973,41.728,13.869,4.55
1973,41.549,13.861,4.51
1973,43.996,11.232,4.35
1973,44.022,13.231,4.54
1973,46.087,14.288,4.30
1973,43.404,12.326,4.26
1974,43.430,12.303,4.15
1974,44.032,10.811,4.22
1974,38.117,13.350,4.06
1974,44.150,6.483,4.52
1974,37.567,15.500,4.40
1974,37.145,14.987,4.44
1974,44.532,9.850,4.40
1974,39.017,17.300,3.57
1974,46.300,13.400,4.18
1974,38.962,17.816,3.96
1974,39.648,18.833,4.15
1974,44.100,10.700,4.06
1974,39.699,18.814,4.45
1974,39.786,18.915,4.54
1974,39.572,18.826,5.03
1974,39.705,18.717,4.53
1974,39.774,18.810,4.58
1974,39.742,18.939,4.83
1974,42.813,12.927,4.76
1975,45.621,10.733,4.45
1975,38.114,15.643,5.20
1975,46.312,13.102,4.53
1975,44.004,10.941,4.38
1975,45.600,14.400,3.98
1975,46.200,10.900,4.51
1975,37.450,14.433,4.72
1975,41.646,15.726,5.18
1975,44.659,9.626,4.39
1975,44.749,9.519,4.96
1976,46.275,13.325,4.83
1976,46.241,13.119,6.46
1976,46.244,13.298,4.94
1976,46.213,13.323,5.12
1976,46.264,13.213,4.85
1976,46.234,13.054,5.00
1976,46.241,13.270,4.56
1976,46.316,13.260,4.64
1976,46.246,13.001,4.64
1976,46.150,12.891,4.72
1976,46.320,13.261,4.56
1976,44.567,9.500,4.44
1976,46.275,13.198,5.29
1976,46.256,13.233,5.63
1976,46.277,13.210,4.64
1976,46.285,13.203,5.92
1976,46.294,13.200,4.93
1976,46.323,13.191,4.64
1976,46.300,13.174,5.98
1976,46.305,13.257,4.64
1976,46.278,13.163,5.19
1976,46.294,13.207,4.47
1976,37.919,14.571,4.54
1976,45.517,14.300,4.72
1976,37.833,13.067,4.64
1976,39.724,18.928,4.89
1976,39.600,18.835,4.64
1976,39.606,18.772,4.62
1976,39.645,18.868,4.39
1976,39.220,18.609,4.39
1976,39.657,18.934,4.54
1976,39.661,18.976,4.28
1976,45.894,10.799,4.97
1977,46.296,13.160,4.85
1977,37.927,14.321,4.72
1977,39.601,18.831,4.64
1977,38.498,11.977,4.83
1977,46.290,14.293,4.76
1977,41.097,15.020,4.43
1977,42.687,12.725,4.53
1977,46.283,13.019,5.29
1977,38.873,10.548,4.54
1978,42.909,15.769,4.57
1978,42.692,16.167,5.08
1978,37.583,14.100,4.63
1978,41.121,14.977,4.39
1978,38.011,15.976,5.24
1978,42.282,9.418,4.51
1978,38.268,15.112,6.06
1978,38.396,15.220,4.74
1978,38.297,15.125,4.68
1978,42.666,12.461,4.35
1978,38.071,14.189,4.49
1978,40.760,16.074,5.08
1978,40.673,16.526,4.88
1978,44.409,11.991,4.64
1978,46.327,12.723,4.47
1978,46.111,14.112,3.89
1978,44.845,10.990,4.22
1979,38.291,15.033,4.15
1979,38.684,12.843,4.90
1979,42.845,13.157,4.47
1979,45.660,9.475,4.85
1979,37.141,10.117,4.58
1979,46.323,13.237,4.69
1979,41.943,16.719,4.80
1979,46.321,13.040,3.99
1979,42.713,13.070,5.86
1979,42.812,13.012,4.59
1979,42.733,13.033,4.56
1979,38.205,11.704,5.37
1980,45.017,7.333,4.85
1980,36.904,14.807,4.58
1980,46.515,10.636,4.13
1980,39.290,16.150,5.04
1980,42.800,12.967,5.00
1980,39.923,16.165,4.73
1980,42.800,13.895,4.51
1980,40.388,13.375,4.44
1980,40.365,15.834,4.87
1980,42.812,13.013,4.53
1980,42.815,13.126,4.62
1980,38.271,14.414,4.51
1980,38.369,14.317,4.82
1980,44.050,10.600,4.67
1980,42.233,13.850,4.67
1980,41.821,13.664,4.99
1980,41.713,13.199,4.57
1980,40.842,15.283,6.89
1980,41.110,15.282,4.87
1980,40.661,15.710,4.88
1980,40.718,15.592,4.75
1980,40.847,15.378,5.00
1980,40.842,15.316,4.58
1980,40.816,15.330,4.63
1980,41.536,15.706,4.50
1980,41.017,15.285,4.72
1980,40.810,15.337,4.74
1980,40.811,15.268,5.07
1980,40.799,15.403,4.51
1980,40.861,15.374,5.02
1980,40.935,15.272,4.62
1980,40.907,15.388,4.54
1980,40.871,15.204,4.44
1980,40.993,15.004,4.52
1980,41.021,15.012,4.53
1980,40.864,15.240,4.61
1980,40.793,15.336,4.72
1980,40.609,15.462,4.96
1980,40.709,15.478,4.64
1980,40.655,15.452,5.42
1980,40.694,15.643,4.65
1980,41.075,15.277,4.49
1980,40.877,15.376,4.52
1980,40.922,15.476,4.70
1980,40.913,15.455,4.59
1980,40.942,15.268,4.76
1980,40.553,15.810,4.70
1980,40.761,15.316,4.98
1980,40.815,15.298,4.93
1980,40.885,15.308,4.76
1980,45.767,6.300,4.96
1980,40.696,15.492,4.86
1980,40.777,15.546,4.74
1980,40.883,15.287,4.67
1980,40.855,15.290,4.58
1980,44.801,9.757,4.60
1981,40.638,15.796,4.53
1981,40.800,15.507,4.62
1981,40.890,15.439,5.25
1981,40.781,15.352,4.31
1981,40.834,15.500,4.23
1981,40.763,15.438,4.74
1981,40.992,14.620,4.90
1981,38.152,14.864,4.47
1981,38.343,14.920,4.96
1981,43.497,8.541,4.46
1981,37.634,12.508,4.96
1981,37.086,12.451,4.54
1981,38.438,14.100,4.80
1981,40.678,15.717,4.54
1981,40.662,15.662,4.54
1981,46.269,12.702,4.51
1982,39.911,15.679,5.36
1982,40.832,15.244,4.68
1982,43.929,10.569,4.28
1982,40.838,15.429,4.41
1982,43.187,12.844,4.39
1982,43.129,12.600,4.61
1982,43.164,12.648,4.67
1982,47.489,11.172,4.80
1982,43.335,13.015,4.65
1982,43.261,12.759,4.39
1982,43.155,12.506,4.58
1982,43.167,12.641,4.56
1982,38.042,14.801,4.35
1983,41.036,14.511,4.15
1983,41.036,14.500,4.15
1983,39.031,18.873,4.64
1983,40.552,15.690,4.49
1983,38.392,12.986,4.36
1983,40.062,17.890,4.96
1983,37.548,15.168,4.64
1983,45.855,11.313,4.56
1983,40.734,15.245,4.31
1983,41.709,13.860,4.78
1983,37.651,12.859,4.54
1983,40.401,14.858,4.40
1983,38.515,13.052,4.59
1983,38.983,17.420,5.37
1983,39.907,17.825,4.56
1983,44.652,10.342,5.06
1984,43.589,10.282,4.64
1984,43.262,12.525,5.65
1984,43.247,12.842,4.42
1984,43.272,12.510,4.52
1984,43.239,12.565,4.62
1984,41.667,14.057,5.89
1984,41.644,13.863,4.60
1984,41.672,13.990,4.72
1984,41.663,13.896,4.72
1984,41.708,13.889,5.50
1984,41.755,13.903,4.97
1984,41.706,13.876,4.73
1984,41.732,13.901,4.83
1984,41.677,13.885,4.36
1984,41.648,13.870,4.83
1984,41.677,13.883,4.39
1984,42.869,15.290,4.56
1984,41.648,13.893,4.52
1984,41.761,13.828,4.68
1984,41.704,13.915,4.75
1984,41.388,14.598,4.64
1984,41.530,13.752,4.47
1985,44.085,10.449,4.65
1985,41.592,14.211,4.42
1985,38.230,15.668,4.23
1985,42.260,13.351,4.15
1985,42.297,13.353,4.58
1985,37.701,14.889,4.51
1985,38.365,12.954,4.66
1985,46.160,14.339,4.47
1985,44.636,9.684,4.53
1985,39.674,18.833,4.34
1985,43.920,12.005,4.32
1986,42.693,15.620,4.70
1986,42.621,15.789,4.85
1986,42.639,15.518,4.34
1986,45.316,14.629,4.47
1986,38.399,13.740,4.83
1986,43.569,13.745,4.15
1986,42.057,15.729,4.56
1986,40.635,15.677,4.68
1986,46.334,12.507,4.35
1986,44.277,10.125,4.49
1986,42.977,13.307,4.65
1986,44.879,11.334,4.61
1987,43.541,10.188,4.40
1987,40.835,15.554,4.57
1987,37.747,14.711,4.63
1987,41.699,12.691,4.37
1987,44.812,10.691,4.56
1987,44.801,10.694,4.74
1987,44.861,11.157,4.57
1987,45.726,10.668,4.72
1987,37.700,14.195,4.25
1987,43.198,13.902,5.09
1987,43.749,12.313,4.47
1987,45.976,10.947,3.86
1987,44.697,11.267,5.44
1987,43.187,13.849,4.21
1987,43.253,13.879,4.47
1988,40.011,15.940,4.73
1988,46.335,13.191,4.65
1988,44.098,10.426,4.53
1988,44.195,10.555,5.42
1988,44.833,10.724,4.66
1988,39.682,16.879,5.01
1988,42.210,16.657,5.39
1988,42.306,16.652,4.47
1988,42.254,16.751,4.45
1988,42.231,16.713,4.56
1989,35.596,11.604,5.15
1989,35.594,11.662,5.16
1989,41.747,15.333,4.52
1989,40.542,15.733,4.50
1989,40.599,12.928,4.47
1989,45.823,11.237,4.88
1989,42.118,15.681,4.60
1989,41.751,12.689,4.43
1989,42.991,12.706,4.47
1989,43.633,7.676,4.60
1990,39.129,16.960,4.46
1990,42.140,15.649,4.46
1990,44.943,7.613,4.71
1990,42.195,15.575,4.54
1990,42.052,16.519,4.27
1990,45.881,14.655,4.56
1990,40.649,15.881,5.80
1990,40.737,15.741,5.48
1990,40.658,15.880,4.84
1990,42.045,12.922,3.95
1990,35.442,11.523,4.34
1990,42.797,12.641,5.03
1990,36.402,14.773,4.82
1990,46.135,14.047,4.64
1990,37.270,15.320,5.64
1990,37.249,15.389,4.42
1990,36.037,11.080,4.66
1991,43.781,11.853,4.47
1991,44.850,6.667,4.85
1991,40.401,16.804,4.56
1991,39.261,16.728,4.23
1991,40.689,15.821,5.11
1991,35.706,11.869,5.02
1991,46.184,13.422,4.64
1991,44.939,9.997,4.45
1991,46.730,9.530,5.10
1991,39.176,16.104,4.31
1992,42.402,14.235,4.27
1992,45.498,14.323,4.56
1992,37.851,14.517,4.76
1992,44.432,11.011,4.32
1992,42.339,14.214,4.25
1992,39.626,15.466,4.50
1992,37.809,14.588,4.46
1992,41.561,15.921,4.64
1993,43.614,12.210,4.51
1993,43.121,12.763,4.50
1993,43.121,12.724,4.74
1993,38.033,14.164,4.95
1993,44.199,8.245,4.51
1993,39.517,17.101,4.56
1993,35.055,12.336,5.28
1993,37.821,14.861,4.52
1993,44.253,12.038,4.47
1994,38.913,16.775,4.47
1994,47.230,10.148,4.51
1994,46.323,12.580,4.15
1994,37.651,14.189,4.55
1994,42.476,13.226,4.56
1994,41.993,13.347,4.37
1994,36.280,12.908,4.53
1994,39.667,15.383,4.76
1994,45.987,11.194,4.64
1994,45.014,14.675,4.56
1994,45.917,6.367,4.68
1995,44.366,10.006,4.37
1995,43.781,7.581,4.21
1995,45.612,14.221,4.55
1995,45.597,14.233,4.51
1995,38.133,12.145,4.80
1995,38.530,14.595,4.64
1995,39.699,16.517,4.54
1995,44.133,10.961,4.48
1995,38.271,15.192,4.31
1995,45.737,6.186,4.47
1995,41.790,15.971,5.18
1995,44.179,10.056,4.85
1995,45.717,9.849,4.54
1995,45.066,7.427,4.46
1995,36.714,13.406,4.51
1995,36.473,13.459,4.82
1995,44.422,10.566,4.54
1996,44.800,6.700,4.51
1996,46.313,12.606,4.48
1996,45.936,7.407,4.70
1996,40.661,15.454,4.93
1996,46.316,12.592,4.62
1996,39.575,16.391,4.86
1996,38.106,17.756,4.52
1996,45.917,6.083,4.64
1996,44.798,10.678,5.41
1996,44.800,10.677,4.41
1996,42.559,13.263,4.40
1996,41.689,15.171,4.55
1997,41.336,14.705,4.55
1997,37.198,15.701,4.52
1997,42.763,12.526,4.79
1997,44.801,10.693,4.22
1997,38.604,16.177,4.47
1997,37.749,16.701,4.15
1997,39.244,16.400,4.31
1997,43.035,12.864,3.69
1997,37.202,14.771,4.64
1997,43.026,12.876,4.56
1997,38.377,16.231,4.55
1997,43.035,12.883,4.38
1997,43.030,12.888,4.07
1997,43.031,12.892,4.16
1997,43.022,12.891,5.70
1997,43.016,12.815,4.58
1997,43.014,12.853,6.01
1997,43.163,12.796,5.34
1997,43.035,12.904,4.54
1997,43.013,12.917,4.64
1997,43.046,12.866,4.07
1997,43.057,12.789,4.39
1997,43.096,12.818,4.37
1997,43.010,12.811,4.20
1997,43.036,12.826,4.30
1997,43.049,12.864,4.15
1997,38.367,16.243,4.18
1997,43.105,12.778,4.72
1997,43.668,12.283,4.45
1997,43.611,12.150,4.51
1997,43.042,12.824,5.25
1997,42.929,12.904,4.23
1997,42.925,12.903,4.41
1997,42.916,12.917,4.40
1997,42.916,12.905,4.69
1997,42.923,12.903,4.44
1997,43.027,12.846,5.46
1997,43.037,12.845,4.20
1997,43.010,12.865,4.15
1997,43.036,12.859,4.51
1997,42.980,12.878,4.15
1997,43.104,12.789,4.15
1997,42.906,12.920,5.22
1997,42.920,12.921,4.47
1997,42.864,12.946,4.30
1997,42.861,12.939,4.40
1997,42.898,12.898,5.65
1997,42.922,12.896,4.31
1997,42.956,12.872,5.29
1997,42.932,12.918,5.20
1997,43.014,12.858,4.88
1997,42.924,12.918,4.39
1997,42.939,12.909,5.10
1997,43.043,12.884,4.36
1997,42.870,13.012,5.30
1997,42.971,12.848,5.20
1997,43.027,12.923,4.31
1997,44.233,6.467,4.99
1997,41.988,12.769,4.34
1997,42.863,12.974,4.77
1997,42.872,12.976,4.07
1997,42.846,12.988,4.90
1997,42.826,12.964,4.96
1997,41.385,14.631,4.29
1997,42.949,12.908,4.23
1997,42.842,12.990,4.53
1997,43.020,12.904,4.15
1997,44.168,10.487,4.36
1997,42.848,12.998,4.33
1998,42.966,12.811,4.07
1998,38.390,12.764,4.70
1998,42.467,16.474,4.49
1998,43.004,12.822,4.43
1998,38.133,15.828,4.13
1998,42.845,13.014,4.03
1998,44.777,10.723,4.34
1998,41.590,14.365,4.01
1998,42.948,12.914,5.03
1998,42.954,12.915,4.15
1998,42.957,12.912,4.07
1998,43.145,12.809,5.29
1998,43.185,12.756,5.13
1998,43.193,12.755,4.30
1998,43.212,12.760,4.07
1998,43.189,12.767,4.81
1998,46.310,13.630,5.66
1998,40.641,15.816,4.26
1998,46.222,13.562,4.33
1998,41.967,13.305,4.06
1998,43.081,10.810,4.20
1998,43.186,12.779,4.29
1998,43.185,12.785,4.28
1998,43.184,12.793,4.31
1998,38.413,12.794,5.20
1998,38.445,12.661,4.66
1998,38.434,12.692,4.66
1998,43.012,12.814,4.00
1998,43.105,12.751,4.53
1998,42.362,13.056,4.45
1998,41.537,14.335,3.77
1998,37.695,16.103,4.56
1998,45.908,14.341,4.34
1998,40.015,15.924,4.15
1998,40.060,15.949,5.64
1998,38.697,13.793,5.03
1998,41.792,15.808,4.57
1998,40.007,15.994,4.17
1998,40.020,15.972,4.15
1998,40.049,15.844,4.31
1999,40.031,15.889,4.16
1999,39.027,17.645,4.75
1999,43.980,11.962,4.40
1999,38.226,15.021,4.69
1999,40.001,15.954,3.88
1999,39.959,15.888,3.90
1999,44.292,10.852,4.70
1999,37.532,14.638,4.88
1999,40.789,14.377,3.85
1999,42.834,13.174,4.38
1999,46.550,10.300,4.78
1999,38.352,12.102,4.78
1999,46.550,10.340,4.16
2000,41.964,13.013,4.29
2000,37.953,15.951,4.22
2000,42.831,11.691,4.57
2000,40.955,10.097,4.84
2000,44.243,11.973,4.17
2000,44.310,11.939,4.65
2000,44.279,11.917,4.66
2000,44.243,11.932,4.86
2000,41.927,12.966,3.66
2000,41.969,13.017,3.91
2000,44.785,10.746,4.43
2000,44.693,10.633,4.80
2000,43.345,12.433,4.59
2000,43.110,12.886,4.64
2000,41.968,13.017,4.28
2000,43.905,12.337,4.34
2000,44.769,8.432,4.86
2000,44.740,8.422,5.04
2000,43.174,12.922,4.40
2000,44.333,10.656,4.27
2000,43.002,13.251,4.23
2000,41.847,13.772,4.17
2000,41.971,12.990,3.81
2000,42.441,13.284,3.73
2000,42.516,12.586,4.25
2001,43.579,7.487,4.50
2001,40.884,9.990,4.08
2001,42.253,12.599,3.60
2001,38.057,14.919,3.88
2001,36.763,12.369,4.64
2001,37.931,17.550,5.29
2001,37.402,16.313,4.56
2001,41.875,15.320,4.55
2001,46.697,11.074,4.84
2001,44.801,8.427,4.17
2001,39.767,18.001,4.96
2001,39.263,16.361,4.31
2001,37.841,13.970,4.74
2001,43.600,12.108,4.72
2001,41.900,12.972,4.15
2002,46.392,13.117,4.74
2002,38.502,15.106,3.74
2002,38.411,15.091,4.47
2002,39.232,16.668,4.39
2002,39.683,16.879,4.89
2002,40.584,15.546,4.38
2002,40.566,15.531,3.62
2002,44.395,10.683,4.35
2002,38.381,13.654,5.94
2002,38.358,13.605,4.53
2002,38.363,13.666,4.72
2002,38.399,13.715,4.76
2002,38.376,13.685,5.13
2002,38.367,13.691,4.61
2002,38.384,13.683,4.89
2002,37.580,15.229,4.20
2002,41.716,14.893,5.74
2002,41.741,14.843,5.72
2002,41.717,14.837,4.47
2002,41.737,14.841,4.53
2002,41.682,14.791,4.15
2002,41.758,14.841,4.23
2002,41.691,14.811,4.15
2002,44.592,12.143,4.49
2002,41.738,14.904,4.07
2002,41.750,14.837,4.60
2002,41.764,14.823,4.39
2002,41.761,14.834,4.07
2002,41.753,14.873,4.07
2002,41.724,14.940,4.07
2002,41.688,14.851,4.07
2002,41.693,14.840,4.07
2002,41.689,14.786,4.64
2002,41.690,14.821,4.07
2002,45.650,10.141,4.29
2002,38.537,13.906,4.80
2002,41.684,14.850,4.15
2003,43.942,11.931,4.70
2003,43.900,11.936,4.56
2003,41.711,14.766,4.27
2003,43.133,15.324,4.90
2003,43.134,15.339,5.53
2003,43.141,15.197,4.22
2003,43.111,15.306,4.63
2003,44.758,8.868,4.85
2003,41.691,14.847,4.01
2003,43.168,15.270,4.42
2003,42.999,13.676,4.15
2003,41.661,14.821,4.50
2003,44.255,11.380,5.29
2003,44.162,12.180,4.22
2003,41.640,14.849,4.57
2004,40.697,15.430,4.22
2004,39.826,15.197,4.63
2004,46.310,13.620,5.19
2004,46.388,12.908,4.09
2004,40.701,15.684,4.49
2004,45.312,14.564,4.23
2004,46.493,12.905,3.67
2004,41.891,13.004,3.29
2004,45.628,10.492,5.06
2004,43.135,15.446,5.31
2004,43.087,15.504,4.61
2004,45.942,11.996,4.18
2004,42.790,13.791,4.18
2004,41.015,9.967,4.14
2004,43.092,15.371,4.47
2004,40.898,10.168,4.65
2004,36.877,14.680,4.17
2005,36.228,10.912,4.89
2005,36.230,10.851,5.13
2005,41.666,14.867,3.97
2005,43.094,13.379,4.16
2005,44.690,9.326,4.05
2005,44.724,9.348,3.98
2005,40.991,14.515,4.40
2005,45.129,7.275,4.09
2005,45.417,7.625,3.90
2005,44.207,12.117,4.38
2005,41.435,12.501,4.58
2005,46.030,6.900,4.42
2005,37.970,14.250,3.86
2005,42.738,12.760,4.66
2006,43.396,13.488,4.51
2006,43.957,11.798,4.52
2006,39.572,17.140,4.84
2006,41.801,15.903,4.63
2006,39.709,16.623,4.79
2006,42.074,15.746,4.30
2006,43.647,13.003,4.47
2006,35.883,12.679,4.79
2006,36.232,15.796,4.88
2006,42.008,16.281,4.55